"BirdID_simple","d__Bacteria.p__Armatimonadota.c__Fimbriimonadia.o__Fimbriimonadales.f__Fimbriimonadaceae","d__Bacteria.p__Firmicutes.c__Clostridia.o__Oscillospirales.f__Oscillospiraceae","d__Bacteria.p__Firmicutes.c__Bacilli.o__Lactobacillales.f__Lactobacillaceae","d__Bacteria.p__Proteobacteria.c__Gammaproteobacteria.o__Enterobacterales.f__Enterobacteriaceae","d__Bacteria.p__Firmicutes.c__Clostridia.o__Lachnospirales.f__Lachnospiraceae","d__Bacteria.p__Planctomycetota.c__Planctomycetes.o__Pirellulales.f__Pirellulaceae","d__Bacteria.p__Armatimonadota.c__Armatimonadia.o__Armatimonadales.f__Armatimonadales","d__Bacteria.p__Proteobacteria.c__Alphaproteobacteria.o__Rhizobiales.f__Beijerinckiaceae","d__Bacteria.p__Actinobacteriota.c__Actinobacteria.o__Propionibacteriales.f__Propionibacteriaceae","d__Bacteria.p__Firmicutes.c__Bacilli.o__Lactobacillales.f__Streptococcaceae","d__Bacteria.p__Proteobacteria.c__Gammaproteobacteria.o__Burkholderiales.f__Comamonadaceae","d__Bacteria.p__Bacteroidota.c__Bacteroidia.o__Cytophagales.f__Spirosomaceae","d__Bacteria.p__Bacteroidota.c__Bacteroidia.o__Cytophagales.f__Microscillaceae","Unassigned.__.__.__.__","d__Bacteria.p__Firmicutes.c__Bacilli.o__Bacillales.f__Bacillaceae","d__Bacteria.p__Actinobacteriota.c__Actinobacteria.o__Micrococcales.f__Dermabacteraceae","d__Bacteria.p__Proteobacteria.c__Gammaproteobacteria.o__Salinisphaerales.f__Solimonadaceae","d__Bacteria.p__Bdellovibrionota.c__Bdellovibrionia.o__Bacteriovoracales.f__Bacteriovoracaceae","d__Bacteria.p__Bacteroidota.c__Bacteroidia.o__Bacteroidales.f__Rikenellaceae","d__Bacteria.p__Proteobacteria.c__Alphaproteobacteria.o__Sphingomonadales.f__Sphingomonadaceae","d__Bacteria.p__Proteobacteria.c__Gammaproteobacteria.o__Pseudomonadales.f__Pseudomonadaceae","d__Bacteria.p__Proteobacteria.c__Gammaproteobacteria.o__Aeromonadales.f__Aeromonadaceae","d__Bacteria.p__Proteobacteria.c__Gammaproteobacteria.o__Methylococcales.f__Methylomonadaceae","d__Bacteria.p__Acidobacteriota.c__Blastocatellia.o__Blastocatellales.f__Blastocatellaceae","d__Bacteria.p__Proteobacteria.c__Alphaproteobacteria.o__Acetobacterales.f__Acetobacteraceae","d__Bacteria.p__Bacteroidota.c__Bacteroidia.o__Chitinophagales.f__Saprospiraceae","d__Bacteria.p__Actinobacteriota.c__Actinobacteria.o__Bifidobacteriales.f__Bifidobacteriaceae","d__Bacteria.p__Proteobacteria.c__Alphaproteobacteria.o__Caulobacterales.f__Caulobacteraceae","d__Bacteria.p__Gemmatimonadota.c__Gemmatimonadetes.o__Gemmatimonadales.f__Gemmatimonadaceae","d__Bacteria.p__Actinobacteriota.c__Actinobacteria.o__Micrococcales.f__Intrasporangiaceae","d__Bacteria.p__Acidobacteriota.c__Acidobacteriae.o__Acidobacteriales.f__Acidobacteriaceae_.Subgroup_1.","d__Bacteria.p__Verrucomicrobiota.c__Chlamydiae.o__Chlamydiales.f__Simkaniaceae","d__Bacteria.p__Actinobacteriota.c__Actinobacteria.o__Micrococcales.f__Microbacteriaceae","d__Bacteria.p__Bacteroidota.c__Bacteroidia.o__Bacteroidales.f__Bacteroidaceae","d__Bacteria.p__Bacteroidota.c__Bacteroidia.o__Sphingobacteriales.f__Sphingobacteriaceae","d__Bacteria.p__Proteobacteria.c__Gammaproteobacteria.o__Burkholderiales.f__Methylophilaceae","d__Bacteria.p__Actinobacteriota.c__Actinobacteria.o__Kineosporiales.f__Kineosporiaceae","d__Bacteria.p__Actinobacteriota.c__Actinobacteria.o__Corynebacteriales.f__Corynebacteriaceae","d__Bacteria.p__Proteobacteria.c__Gammaproteobacteria.o__Steroidobacterales.f__Steroidobacteraceae","d__Bacteria.p__Cyanobacteria.c__Cyanobacteriia.o__Cyanobacteriales.f__Nostocaceae","d__Bacteria.p__Bdellovibrionota.c__Bdellovibrionia.o__Bdellovibrionales.f__Bdellovibrionaceae","d__Bacteria.p__Firmicutes.c__Clostridia.o__Oscillospirales.f__Ruminococcaceae","d__Bacteria.p__Bacteroidota.c__Bacteroidia.o__Bacteroidales.f__Prolixibacteraceae","d__Bacteria.p__Proteobacteria.c__Alphaproteobacteria.o__Rhizobiales.f__Rhizobiaceae","d__Bacteria.p__Actinobacteriota.c__Actinobacteria.o__Frankiales.f__Sporichthyaceae","d__Bacteria.p__Bacteroidota.c__Bacteroidia.o__Cytophagales.f__Hymenobacteraceae","d__Bacteria.p__Firmicutes.c__Bacilli.o__Erysipelotrichales.f__Erysipelotrichaceae","d__Bacteria.p__Myxococcota.c__Myxococcia.o__Myxococcales.f__Myxococcaceae","d__Bacteria.p__Proteobacteria.c__Gammaproteobacteria.o__Burkholderiales.f__Nitrosomonadaceae","d__Bacteria.p__Proteobacteria.c__Gammaproteobacteria.o__Burkholderiales.f__Burkholderiaceae","d__Bacteria.p__Firmicutes.c__Bacilli.o__Lactobacillales.f__Leuconostocaceae","d__Bacteria.p__Bacteroidota.c__Bacteroidia.o__Bacteroidales.f__Muribaculaceae","d__Bacteria.p__Proteobacteria.c__Gammaproteobacteria.o__Burkholderiales.f__Oxalobacteraceae","d__Bacteria.p__Desulfobacterota.c__Desulfovibrionia.o__Desulfovibrionales.f__Desulfovibrionaceae","d__Bacteria.p__Bacteroidota.c__Bacteroidia.o__Flavobacteriales.f__Flavobacteriaceae","d__Bacteria.p__Deferribacterota.c__Deferribacteres.o__Deferribacterales.f__Deferribacteraceae","d__Bacteria.p__Bacteroidota.c__Bacteroidia.o__Chitinophagales.f__Chitinophagaceae","d__Bacteria.p__Firmicutes.c__Bacilli.o__Lactobacillales.f__Enterococcaceae","d__Bacteria.p__Verrucomicrobiota.c__Verrucomicrobiae.o__Verrucomicrobiales.f__Rubritaleaceae","d__Bacteria.p__Planctomycetota.c__Phycisphaerae.o__Phycisphaerales.f__Phycisphaeraceae","d__Bacteria.p__Margulisbacteria.c__Margulisbacteria.o__Margulisbacteria.f__Margulisbacteria","d__Bacteria.p__Actinobacteriota.c__Actinobacteria.o__Frankiales.f__Nakamurellaceae","d__Bacteria.p__Proteobacteria.c__Alphaproteobacteria.o__Reyranellales.f__Reyranellaceae","d__Bacteria.p__Firmicutes.c__Clostridia.o__Clostridiales.f__Clostridiaceae","d__Bacteria.p__Actinobacteriota.c__Actinobacteria.o__Pseudonocardiales.f__Pseudonocardiaceae","d__Bacteria.p__Firmicutes.c__Bacilli.o__Staphylococcales.f__Staphylococcaceae","d__Bacteria.p__Proteobacteria.c__Gammaproteobacteria.o__Xanthomonadales.f__Xanthomonadaceae","d__Bacteria.p__Proteobacteria.c__Gammaproteobacteria.o__Burkholderiales.f__SC.I.84","d__Bacteria.p__Actinobacteriota.c__Actinobacteria.o__Corynebacteriales.f__Mycobacteriaceae","d__Bacteria.p__Verrucomicrobiota.c__Verrucomicrobiae.o__Pedosphaerales.f__Pedosphaeraceae","d__Bacteria.p__Bacteroidota.c__Bacteroidia.o__Bacteroidales.f__Barnesiellaceae","d__Bacteria.p__Verrucomicrobiota.c__Verrucomicrobiae.o__Verrucomicrobiales.f__Verrucomicrobiaceae","d__Bacteria.p__Proteobacteria.c__Alphaproteobacteria.o__Rhodobacterales.f__Rhodobacteraceae","d__Bacteria.p__Firmicutes.c__Bacilli.o__Paenibacillales.f__Paenibacillaceae","d__Bacteria.p__Actinobacteriota.c__Actinobacteria.o__Propionibacteriales.f__Nocardioidaceae","d__Bacteria.p__Desulfobacterota.c__Desulfuromonadia.o__Geobacterales.f__Geobacteraceae","d__Bacteria.p__Synergistota.c__Synergistia.o__Synergistales.f__Synergistaceae","d__Bacteria.p__Chloroflexi.c__Chloroflexia.o__Chloroflexales.f__Chloroflexaceae","d__Bacteria.p__Proteobacteria.c__Alphaproteobacteria.o__Rhizobiales.f__Hyphomicrobiaceae","d__Bacteria.p__Campilobacterota.c__Campylobacteria.o__Campylobacterales.f__Arcobacteraceae","d__Bacteria.p__Verrucomicrobiota.c__Verrucomicrobiae.o__Methylacidiphilales.f__Methylacidiphilaceae","d__Bacteria.p__Verrucomicrobiota.c__Verrucomicrobiae.o__Chthoniobacterales.f__Terrimicrobiaceae","d__Bacteria.p__Actinobacteriota.c__Thermoleophilia.o__Solirubrobacterales.f__Solirubrobacteraceae","d__Bacteria.p__Myxococcota.c__Polyangia.o__Polyangiales.f__Sandaracinaceae","d__Bacteria.p__Dependentiae.c__Babeliae.o__Babeliales.f__UBA12409","d__Bacteria.p__Proteobacteria.c__Gammaproteobacteria.o__Pseudomonadales.f__Moraxellaceae","d__Bacteria.p__Proteobacteria.c__Gammaproteobacteria.o__Burkholderiales.f__Rhodocyclaceae","d__Bacteria.p__Bacteroidota.c__Bacteroidia.o__Flavobacteriales.f__Crocinitomicaceae","d__Bacteria.p__Firmicutes.c__Bacilli.o__Mycoplasmatales.f__Mycoplasmataceae","d__Bacteria.p__Bacteroidota.c__Bacteroidia.o__Bacteroidales.f__Tannerellaceae","d__Bacteria.p__Actinobacteriota.c__Thermoleophilia.o__Solirubrobacterales.f__67.14","d__Bacteria.p__Patescibacteria.c__Saccharimonadia.o__Saccharimonadales.f__LWQ8","d__Bacteria.p__Deinococcota.c__Deinococci.o__Deinococcales.f__Trueperaceae","d__Bacteria.p__Firmicutes.c__Clostridia.o__Peptostreptococcales.Tissierellales.f__Peptostreptococcaceae","d__Bacteria.p__Fusobacteriota.c__Fusobacteriia.o__Fusobacteriales.f__Fusobacteriaceae","d__Bacteria.p__Proteobacteria.c__Gammaproteobacteria.o__Diplorickettsiales.f__Diplorickettsiaceae","d__Bacteria.p__Acidobacteriota.c__Vicinamibacteria.o__Vicinamibacterales.f__Vicinamibacteraceae","d__Bacteria.p__Verrucomicrobiota.c__Verrucomicrobiae.o__Chthoniobacterales.f__Chthoniobacteraceae","d__Bacteria.p__Bacteroidota.c__Bacteroidia.o__Flavobacteriales.f__Weeksellaceae","d__Bacteria.p__Actinobacteriota.c__Actinobacteria.o__Streptomycetales.f__Streptomycetaceae","d__Bacteria.p__Bacteroidota.c__Bacteroidia.o__Sphingobacteriales.f__NS11.12_marine_group","d__Bacteria.p__Acidobacteriota.c__Acidobacteriae.o__Solibacterales.f__Solibacteraceae","d__Bacteria.p__Verrucomicrobiota.c__Verrucomicrobiae.o__Opitutales.f__Opitutaceae","d__Bacteria.p__Deinococcota.c__Deinococci.o__Deinococcales.f__Deinococcaceae","d__Bacteria.p__Proteobacteria.c__Gammaproteobacteria.o__Methylococcales.f__Methylococcaceae","d__Bacteria.p__Proteobacteria.c__Gammaproteobacteria.o__Burkholderiales.f__Sutterellaceae","d__Bacteria.p__Halanaerobiaeota.c__Halanaerobiia.o__Halanaerobiales.f__Halanaerobiaceae","d__Bacteria.p__Armatimonadota.c__Armatimonadia.o__Armatimonadales.f__Armatimonadaceae","d__Bacteria.p__Actinobacteriota.c__Actinobacteria.o__Frankiales.f__Acidothermaceae","d__Bacteria.p__Proteobacteria.c__Gammaproteobacteria.o__Thiotrichales.f__Thiotrichaceae","d__Bacteria.p__Proteobacteria.c__Alphaproteobacteria.o__Rhizobiales.f__Xanthobacteraceae","d__Bacteria.p__Planctomycetota.c__Planctomycetes.o__Isosphaerales.f__Isosphaeraceae","d__Bacteria.p__Planctomycetota.c__Phycisphaerae.o__Tepidisphaerales.f__WD2101_soil_group","d__Bacteria.p__Methylomirabilota.c__Methylomirabilia.o__Methylomirabilales.f__Methylomirabilaceae","d__Bacteria.p__Proteobacteria.c__Alphaproteobacteria.o__Ferrovibrionales.f__Ferrovibrionales","d__Bacteria.p__Proteobacteria.c__Gammaproteobacteria.o__Legionellales.f__Legionellaceae","d__Bacteria.p__Verrucomicrobiota.c__Lentisphaeria.o__Lentisphaerales.f__Lentisphaeraceae","d__Bacteria.p__Proteobacteria.c__Gammaproteobacteria.o__Vibrionales.f__Vibrionaceae","d__Bacteria.p__Cyanobacteria.c__Cyanobacteriia.o__Cyanobacteriales.f__Chroococcidiopsaceae","d__Bacteria.p__Verrucomicrobiota.c__Chlamydiae.o__Chlamydiales.f__Parachlamydiaceae","d__Bacteria.p__Desulfobacterota.c__Desulfobacteria.o__Desulfobacterales.f__Desulfobacteraceae","d__Bacteria.p__Firmicutes.c__Bacilli.o__Acholeplasmatales.f__Acholeplasmataceae","d__Bacteria.p__Firmicutes.c__Bacilli.o__Exiguobacterales.f__Exiguobacteraceae","d__Bacteria.p__Gemmatimonadota.c__Longimicrobia.o__Longimicrobiales.f__Longimicrobiaceae","d__Bacteria.p__Proteobacteria.c__Gammaproteobacteria.o__Alteromonadales.f__Pseudoalteromonadaceae","d__Bacteria.p__Proteobacteria.c__Alphaproteobacteria.o__Azospirillales.f__Azospirillaceae","d__Bacteria.p__Proteobacteria.c__Alphaproteobacteria.o__Caulobacterales.f__Hyphomonadaceae","d__Bacteria.p__Bacteroidota.c__Bacteroidia.o__Bacteroidales.f__Marinifilaceae","d__Bacteria.p__Proteobacteria.c__Gammaproteobacteria.o__Cellvibrionales.f__BD2.7","d__Bacteria.p__Armatimonadota.c__Chthonomonadetes.o__Chthonomonadales.f__Chthonomonadaceae","d__Bacteria.p__Myxococcota.c__Polyangia.o__Polyangiales.f__Phaselicystidaceae","d__Bacteria.p__Firmicutes.c__Clostridia.o__Clostridia.f__Gracilibacteraceae","d__Bacteria.p__Proteobacteria.c__Alphaproteobacteria.o__Rickettsiales.f__Rickettsiaceae","d__Bacteria.p__Bdellovibrionota.c__Oligoflexia.o__Oligoflexales.f__Oligoflexales","d__Bacteria.p__Firmicutes.c__Thermoanaerobacteria.o__Thermoanaerobacterales.f__Family_III","d__Bacteria.p__Proteobacteria.c__Gammaproteobacteria.o__Burkholderiales.f__Neisseriaceae","d__Bacteria.p__Actinobacteriota.c__Actinobacteria.o__Micrococcales.f__Micrococcaceae","d__Bacteria.p__Bacteroidota.c__Bacteroidia.o__Bacteroidales.f__Marinilabiliaceae","d__Bacteria.p__Actinobacteriota.c__Thermoleophilia.o__Gaiellales.f__Gaiellaceae","d__Bacteria.p__Actinobacteriota.c__Coriobacteriia.o__Coriobacteriales.f__Eggerthellaceae","d__Bacteria.p__Actinobacteriota.c__Actinobacteria.o__Frankiales.f__Frankiaceae","d__Bacteria.p__Proteobacteria.c__Alphaproteobacteria.o__Dongiales.f__Dongiaceae","d__Bacteria.p__Firmicutes.c__Bacilli.o__Thermoactinomycetales.f__Thermoactinomycetaceae","d__Bacteria.p__Proteobacteria.c__Alphaproteobacteria.o__Paracaedibacterales.f__Paracaedibacteraceae","d__Bacteria.p__Bacteroidota.c__Bacteroidia.o__Bacteroidales.f__Prevotellaceae","d__Bacteria.p__Proteobacteria.c__Gammaproteobacteria.o__Cellvibrionales.f__Cellvibrionaceae","d__Bacteria.p__Abditibacteriota.c__Abditibacteria.o__Abditibacteriales.f__Abditibacteriaceae","d__Bacteria.p__Proteobacteria.c__Alphaproteobacteria.o__Rhizobiales.f__Kaistiaceae","d__Bacteria.p__Proteobacteria.c__Alphaproteobacteria.o__Rhizobiales.f__Labraceae","d__Bacteria.p__Proteobacteria.c__Gammaproteobacteria.o__Coxiellales.f__Coxiellaceae","d__Bacteria.p__Actinobacteriota.c__Actinobacteria.o__Micromonosporales.f__Micromonosporaceae","d__Bacteria.p__Actinobacteriota.c__Actinobacteria.o__Frankiales.f__Geodermatophilaceae","d__Bacteria.p__Proteobacteria.c__Gammaproteobacteria.o__Enterobacterales.f__Erwiniaceae","d__Bacteria.p__Actinobacteriota.c__Rubrobacteria.o__Rubrobacterales.f__Rubrobacteriaceae","d__Bacteria.p__Proteobacteria.c__Gammaproteobacteria.o__Pasteurellales.f__Pasteurellaceae","d__Bacteria.p__Firmicutes.c__Clostridia.o__Christensenellales.f__Christensenellaceae","d__Bacteria.p__Proteobacteria.c__Gammaproteobacteria.o__Oceanospirillales.f__Halomonadaceae","d__Bacteria.p__Firmicutes.c__Dethiobacteria.o__Dethiobacterales.f__Dethiobacteraceae","d__Bacteria.p__Patescibacteria.c__Saccharimonadia.o__Saccharimonadales.f__Saccharimonadales","d__Bacteria.p__Methylomirabilota.c__Methylomirabilia.o__Rokubacteriales.f__Rokubacteriales","d__Bacteria.p__Bacteroidota.c__Bacteroidia.o__Flavobacteriales.f__NS9_marine_group","d__Bacteria.p__Planctomycetota.c__Planctomycetes.o__Gemmatales.f__Gemmataceae","d__Bacteria.p__Firmicutes.c__Clostridia.o__Oscillospirales.f__.Eubacterium._coprostanoligenes_group","d__Bacteria.p__Proteobacteria.c__Gammaproteobacteria.o__Xanthomonadales.f__Rhodanobacteraceae","d__Bacteria.p__Acidobacteriota.c__Holophagae.o__Holophagales.f__Holophagaceae","d__Bacteria.p__Cyanobacteria.c__Vampirivibrionia.o__Gastranaerophilales.f__Gastranaerophilales","d__Bacteria.p__Firmicutes.c__Negativicutes.o__Veillonellales.Selenomonadales.f__Veillonellaceae","d__Bacteria.p__Myxococcota.c__Polyangia.o__Polyangiales.f__Polyangiaceae","d__Bacteria.p__Proteobacteria.c__Alphaproteobacteria.o__Rhizobiales.f__Devosiaceae","d__Bacteria.p__Proteobacteria.c__Gammaproteobacteria.o__Burkholderiales.f__A21b","d__Bacteria.p__Chloroflexi.c__Chloroflexia.o__Chloroflexales.f__Roseiflexaceae","d__Bacteria.p__Myxococcota.c__Polyangia.o__Haliangiales.f__Haliangiaceae","d__Bacteria.p__Chloroflexi.c__Dehalococcoidia.o__Dehalococcoidales.f__Dehalococcoidaceae","d__Bacteria.p__Actinobacteriota.c__Actinobacteria.o__Catenulisporales.f__Actinospicaceae","d__Bacteria.p__Actinobacteriota.c__Actinobacteria.o__Micrococcales.f__Cellulomonadaceae","d__Bacteria.p__Cyanobacteria.c__Vampirivibrionia.o__Vampirovibrionales.f__Vampirovibrionaceae","d__Bacteria.p__Proteobacteria.c__Gammaproteobacteria.o__Burkholderiales.f__Chromobacteriaceae","d__Bacteria.p__Campilobacterota.c__Campylobacteria.o__Campylobacterales.f__Helicobacteraceae","d__Bacteria.p__Proteobacteria.c__Gammaproteobacteria.o__Arenicellales.f__Arenicellaceae","d__Bacteria.p__Bacteroidota.c__Bacteroidia.o__Flavobacteriales.f__Cryomorphaceae","d__Bacteria.p__Proteobacteria.c__Gammaproteobacteria.o__Granulosicoccales.f__Granulosicoccaceae","d__Bacteria.p__Proteobacteria.c__Gammaproteobacteria.o__Enterobacterales.f__Morganellaceae","d__Bacteria.p__Bacteroidota.c__Bacteroidia.o__Bacteroidales.f__Dysgonomonadaceae","d__Bacteria.p__Myxococcota.c__Polyangia.o__Polyangiales.f__BIrii41","d__Bacteria.p__Proteobacteria.c__Alphaproteobacteria.o__Rickettsiales.f__SM2D12","d__Bacteria.p__Chloroflexi.c__Ktedonobacteria.o__Ktedonobacterales.f__Ktedonobacteraceae","d__Bacteria.p__Verrucomicrobiota.c__Verrucomicrobiae.o__Opitutales.f__Puniceicoccaceae","d__Bacteria.p__Firmicutes.c__Clostridia.o__Clostridia.f__Hungateiclostridiaceae","d__Bacteria.p__Latescibacterota.c__Latescibacterota.o__Latescibacterota.f__Latescibacterota","d__Bacteria.p__Cyanobacteria.c__Cyanobacteriia.o__Leptolyngbyales.f__Leptolyngbyaceae","d__Bacteria.p__Actinobacteriota.c__Actinobacteria.o__Micrococcales.f__Dermacoccaceae","d__Bacteria.p__Bdellovibrionota.c__Oligoflexia.o__Silvanigrellales.f__Silvanigrellaceae","d__Bacteria.p__Firmicutes.c__Bacilli.o__Erysipelotrichales.f__Erysipelatoclostridiaceae","d__Bacteria.p__Cyanobacteria.c__Cyanobacteriia.o__Cyanobacteriales.f__Coleofasciculaceae","d__Bacteria.p__Firmicutes.c__Bacilli.o__Alicyclobacillales.f__Alicyclobacillaceae","d__Bacteria.p__Chloroflexi.c__Anaerolineae.o__SBR1031.f__A4b","d__Bacteria.p__Planctomycetota.c__Planctomycetes.o__Planctomycetales.f__Rubinisphaeraceae","d__Bacteria.p__Proteobacteria.c__Gammaproteobacteria.o__Orbales.f__Orbaceae","d__Bacteria.p__Actinobacteriota.c__Actinobacteria.o__Corynebacteriales.f__Nocardiaceae","d__Bacteria.p__Proteobacteria.c__Gammaproteobacteria.o__Alteromonadales.f__Colwelliaceae","d__Bacteria.p__Firmicutes.c__Clostridia.o__Oscillospirales.f__UCG.010","d__Bacteria.p__Verrucomicrobiota.c__Omnitrophia.o__Omnitrophales.f__Omnitrophaceae","d__Bacteria.p__Firmicutes.c__Thermacetogenia.o__Thermacetogeniales.f__Thermacetogeniaceae","d__Bacteria.p__Firmicutes.c__Clostridia.o__Peptococcales.f__Peptococcaceae","d__Bacteria.p__Actinobacteriota.c__Actinobacteria.o__Streptosporangiales.f__Streptosporangiaceae","d__Bacteria.p__Firmicutes.c__Bacilli.o__Lactobacillales.f__Carnobacteriaceae","d__Bacteria.p__Proteobacteria.c__Alphaproteobacteria.o__Micropepsales.f__Micropepsaceae","d__Bacteria.p__Bacteroidota.c__Bacteroidia.o__Flavobacteriales.f__Blattabacteriaceae","d__Bacteria.p__Bacteroidota.c__Bacteroidia.o__Cytophagales.f__Amoebophilaceae","d__Bacteria.p__Cyanobacteria.c__Cyanobacteriia.o__Phormidesmiales.f__Nodosilineaceae","d__Bacteria.p__Proteobacteria.c__Gammaproteobacteria.o__Burkholderiales.f__TRA3.20","d__Bacteria.p__Dependentiae.c__Babeliae.o__Babeliales.f__Babeliales","d__Bacteria.p__Bacteroidota.c__Bacteroidia.o__Sphingobacteriales.f__env.OPS_17","d__Bacteria.p__Proteobacteria.c__Alphaproteobacteria.o__Azospirillales.f__Inquilinaceae","d__Bacteria.p__Proteobacteria.c__Gammaproteobacteria.o__Chromatiales.f__Sedimenticolaceae","d__Bacteria.p__Acidobacteriota.c__Acidobacteriae.o__Bryobacterales.f__Bryobacteraceae","d__Bacteria.p__Chloroflexi.c__Chloroflexia.o__Thermomicrobiales.f__JG30.KF.CM45","d__Bacteria.p__Actinobacteriota.c__Actinobacteria.o__Streptosporangiales.f__Thermomonosporaceae","d__Bacteria.p__Chloroflexi.c__Chloroflexia.o__Chloroflexales.f__Herpetosiphonaceae","d__Bacteria.p__Proteobacteria.c__Gammaproteobacteria.o__Alteromonadales.f__Marinobacteraceae","d__Bacteria.p__Actinobacteriota.c__Acidimicrobiia.o__Microtrichales.f__Ilumatobacteraceae","d__Bacteria.p__Proteobacteria.c__Alphaproteobacteria.o__Rickettsiales.f__Rickettsiales","d__Bacteria.p__Proteobacteria.c__Gammaproteobacteria.o__Burkholderiales.f__Alcaligenaceae","d__Bacteria.p__Firmicutes.c__Bacilli.o__Izemoplasmatales.f__Izemoplasmatales","d__Bacteria.p__Acidobacteriota.c__Thermoanaerobaculia.o__Thermoanaerobaculales.f__Thermoanaerobaculaceae","d__Bacteria.p__Firmicutes.c__Syntrophomonadia.o__Syntrophomonadales.f__Syntrophomonadaceae","d__Bacteria.p__Firmicutes.c__Bacilli.o__Aneurinibacillales.f__Aneurinibacillaceae","d__Bacteria.p__Proteobacteria.c__Gammaproteobacteria.o__Steroidobacterales.f__Woeseiaceae","d__Bacteria.p__Proteobacteria.c__Gammaproteobacteria.o__Cellvibrionales.f__Spongiibacteraceae","d__Bacteria.p__Actinobacteriota.c__Actinobacteria.o__Micrococcales.f__Brevibacteriaceae","d__Bacteria.p__Cyanobacteria.c__Sericytochromatia.o__Sericytochromatia.f__Sericytochromatia","d__Bacteria.p__Cyanobacteria.c__Cyanobacteriia.o__Cyanobacteriales.f__Cyanobacteriaceae","d__Bacteria.p__Firmicutes.c__Bacilli.o__Bacillales.f__Planococcaceae","d__Bacteria.p__Proteobacteria.c__Gammaproteobacteria.o__Oceanospirillales.f__Saccharospirillaceae","d__Bacteria.p__Firmicutes.c__Desulfitobacteriia.o__Desulfitobacteriales.f__Desulfitobacteriaceae","d__Bacteria.p__Firmicutes.c__Clostridia.o__Clostridiales.f__Caloramatoraceae","d__Bacteria.p__Proteobacteria.c__Gammaproteobacteria.o__Salinisphaerales.f__Salinisphaeraceae","d__Bacteria.p__Proteobacteria.c__Gammaproteobacteria.o__Burkholderiales.f__Hydrogenophilaceae","d__Bacteria.p__Proteobacteria.c__Alphaproteobacteria.o__SAR11_clade.f__Clade_II","d__Bacteria.p__Thermotogota.c__Thermotogae.o__Petrotogales.f__Petrotogaceae","d__Bacteria.p__Campilobacterota.c__Campylobacteria.o__Campylobacterales.f__Campylobacteraceae","d__Bacteria.p__Myxococcota.c__Myxococcia.o__Myxococcales.f__Anaeromyxobacteraceae","d__Bacteria.p__Desulfobacterota.c__Desulfuromonadia.o__Bradymonadales.f__Bradymonadales","d__Bacteria.p__Myxococcota.c__Polyangia.o__Nannocystales.f__Nannocystaceae","d__Bacteria.p__Desulfobacterota.c__Desulfomonilia.o__Desulfomonilales.f__Desulfomonilaceae","d__Bacteria.p__Proteobacteria.c__Gammaproteobacteria.o__Burkholderiales.f__T34","d__Bacteria.p__Actinobacteriota.c__Acidimicrobiia.o__Microtrichales.f__Microtrichaceae","d__Bacteria.p__Acidobacteriota.c__Blastocatellia.o__Pyrinomonadales.f__Pyrinomonadaceae","d__Bacteria.p__Cyanobacteria.c__Cyanobacteriia.o__Cyanobacteriales.f__Gloeocapsaceae","d__Bacteria.p__Cyanobacteria.c__Cyanobacteriia.o__Cyanobacteriales.f__Phormidiaceae","d__Bacteria.p__Firmicutes.c__Clostridia.o__Oscillospirales.f__Butyricicoccaceae","d__Bacteria.p__Proteobacteria.c__Gammaproteobacteria.o__Oceanospirillales.f__Oceanospirillaceae","d__Bacteria.p__Firmicutes.c__Bacilli.o__Thermicanales.f__Thermicanaceae","d__Bacteria.p__Patescibacteria.c__Saccharimonadia.o__Saccharimonadales.f__Saccharimonadaceae","d__Bacteria.p__Bacteroidota.c__Rhodothermia.o__Rhodothermales.f__Rhodothermaceae","d__Bacteria.p__Chloroflexi.c__Anaerolineae.o__Anaerolineales.f__Anaerolineaceae","d__Bacteria.p__Proteobacteria.c__Alphaproteobacteria.o__Rhizobiales.f__Methyloligellaceae","d__Bacteria.p__Proteobacteria.c__Alphaproteobacteria.o__Rhodospirillales.f__Magnetospirillaceae","d__Bacteria.p__Proteobacteria.c__Alphaproteobacteria.o__Rickettsiales.f__AB1","d__Bacteria.p__Firmicutes.c__Limnochordia.o__Limnochordia.f__Limnochordia","d__Bacteria.p__Cloacimonadota.c__Cloacimonadia.o__Cloacimonadales.f__Cloacimonadaceae","d__Bacteria.p__Firmicutes.c__Desulfotomaculia.o__Desulfotomaculales.f__Desulfotomaculales","d__Bacteria.p__Bacteroidota.c__Kapabacteria.o__Kapabacteriales.f__Kapabacteriales","d__Bacteria.p__Planctomycetota.c__Phycisphaerae.o__Tepidisphaerales.f__CPla.3_termite_group","d__Bacteria.p__Chloroflexi.c__Anaerolineae.o__Caldilineales.f__Caldilineaceae","d__Bacteria.p__Dependentiae.c__Babeliae.o__Babeliales.f__Vermiphilaceae","d__Bacteria.p__Proteobacteria.c__Gammaproteobacteria.o__Aeromonadales.f__Succinivibrionaceae","d__Bacteria.p__Bacteroidota.c__Bacteroidia.o__Cytophagales.f__Cytophagaceae","d__Bacteria.p__Firmicutes.c__Clostridia.o__Peptostreptococcales.Tissierellales.f__Anaerovoracaceae","d__Bacteria.p__Proteobacteria.c__Alphaproteobacteria.o__Rhodospirillales.f__Rhodospirillaceae","d__Bacteria.p__Firmicutes.c__Clostridia.o__Monoglobales.f__Monoglobaceae","d__Bacteria.p__Bacteroidota.c__Bacteroidia.o__Bacteroidales.f__Rs.E47_termite_group","d__Bacteria.p__Fibrobacterota.c__Fibrobacteria.o__Fibrobacterales.f__Fibrobacteraceae","d__Bacteria.p__Firmicutes.c__Clostridia.o__Lachnospirales.f__Defluviitaleaceae"
"P01",0,0,0.016018477127105,0,0.010058113544926,0,0.002756668156758,0.033601549694531,0.004544777231411,0,0.098867530919386,0.016241990761436,0,0,0,0,0,0,0,0.158471166741171,0.025778572492922,0,0,0,0.018924154373417,0,0,0.012740277156907,0,0.012442258977798,0.005289822679183,0,0.01102667262703,0,0.005587840858292,0.012218745343466,0,0,0,0.007822977201609,0,0.010803158992699,0,0.07696319475488,0,0.11920727164357,0,0,0,0.002980181791089,0,0,0.046788854120101,0,0.003874236328416,0,0.016241990761436,0,0,0,0,0,0,0,0.00134108180599,0,0.0333780360602,0.008791536283713,0,0,0,0,0.005587840858292,0,0.031813440619878,0,0,0,0,0,0,0,0.014900908955446,0,0,0.000670540902995,0,0,0,0,0,0,0,0,0,0.001192072716436,0,0,0,0.008195499925495,0,0,0,0,0,0,0,0,0,0,0.001862613619431,0,0,0,0,0,0,0,0,0.00134108180599,0,0.017210549843541,0.006928922664283,0,0,0,0,0,0,0,0,0,0,0,0.009015049918045,0,0,0,0.013112799880793,0,0.010728654447921,0,0,0,0.000521531813441,0.011995231709134,0,0,0,0,0,0.028088213381016,0,0,0,0,0,0,0,0.001192072716436,0,0.001564595440322,0,0,0,0,0.000968559082104,0.005513336313515,0,0,0,0,0,0,0,0,0,0,0,0,0,0,0,0,0,0,0,0,0,0,0,0,0,0,0,0,0,0,0,0,0,0,0,0,0,0,0,0,0,0,0,0,0,0,0,0,0,0,0,0,0,0,0,0,0,0,0.016390999850991,0,0,0,0,0,0,0,0,0,0,0,0,0,0,0,0,0,0,0,0,0,0,0,0,0,0.001192072716436,0,0,0,0,0,0,0,0,0,0,0.004321263597079,0,0,0,0,0,0,0,0,0,0
"P02",0,0,0,0,0,0,0.000467299645277,0.013084390067758,0.001274453578028,0,0.096157522462244,0.004141974128592,0,0,0.00178423500924,0,0.004694237345738,0.001125767327258,0,0.018840672061854,0.000531022324179,0,0.000212408929671,0,0.003058688587268,0,0,0.004396864844198,0.000573504110113,0.003398542874742,0.00029737250154,0,0.017778627413497,0,8.50E-05,0.002994965908367,0,0,0.001104526434291,0.001062044648357,0,0,0,0.014231398287984,0,0.007689203254105,0,0,0.000637226789014,0.000870876611653,0,0,0.002994965908367,0,8.50E-05,0,0.001083285541324,0,0,0,0,0,0,0,0.000552263217146,0,0.000127445357803,0,0.000382336073409,0,0,0,0.002060366617813,0,0.005671318422226,0.00044605875231,0,0,0.000870876611653,0,0,0,0.001147008220226,0,0,0.001508103400667,0,0,0,0,0,0,0,0,0,6.37E-05,0.000722190360883,0.000276131608573,0.000658467681981,0,0,0.000233649822639,0,0,0,0,0,0,0,0,0.00014868625077,0.000509781431211,0,0,0,0.000127445357803,0,0,0,0,0,0,0,0,0,0,0,0,0,0,0,0,0,0.000361095180441,0,0,0,0,0,0,0.000615985896047,0,0,0,0,0,0,0,0,0,0,0,0.00014868625077,0,0,0,0,0,0.000828394825718,0,0,6.37E-05,0,0,0,0,0,0.000233649822639,0,0.000127445357803,0,0,0,0,0,0,0,0,0,0,0,0,0,0,0,0,0.000509781431211,0.001316935363963,0,0,0,0.000254890715606,0,0,0,0,0,0,0,0,0,0,0,0,0,0,0,0,0,0,0,0,0,0,0,0,0,0,0,0,0,0,0.00029737250154,0,0,0,0,0,0,0,0,0,0,0,0,0,0,0,0,0,0,0,0.000339854287474,0,0,0,0,0,0,0,0,0,0,0,6.37E-05,0,0,0,0,0,0,0,0,0,0,0,0,0,0,0,0,0,0,0
"P03",0,0,0,0,0.000661654135338,0,0.001563909774436,0.017443609022556,0,0,0.370466165413534,0.007578947368421,0,0,0.001383458646617,0,0.059127819548872,0.003368421052632,0,0.081744360902256,0.010165413533835,0,0,0.013413533834587,0.005834586466165,0,0,0.000481203007519,0.002466165413534,0.040781954887218,0,0,0.001984962406015,0,0.006315789473684,0.03206015037594,0.004451127819549,0,0.000541353383459,0.001804511278195,0,0,0,0.017563909774436,0,0.107609022556391,0.002105263157895,0.002526315789474,0.003729323308271,0.010225563909774,0,0,0.024240601503759,0,0.001323308270677,0,0.008,0,0.00018045112782,0.00018045112782,0,0.00403007518797,0,0,0.003007518796992,0.00384962406015,0,0,0.001022556390977,0.001924812030075,0,0,0.008962406015038,0,0.05209022556391,0,0,0,0,0,0,0,0.005112781954887,0.000601503759398,0,0.006315789473684,0,0.001443609022556,0,0,0,0,0,0,0,0.001263157894737,0.00384962406015,0,0.000661654135338,0,0,0,0,0.001924812030075,0,0,0,0,0,0,0,0.00018045112782,0.000360902255639,0,0,0,0,0,0,0,0,0,0,0,0,0,0,0,0,0,0,0,0,0.013654135338346,0,0,0,0,0,0,0.002285714285714,0,0,0,0,0,0,0,0,0,0,0.000240601503759,0,0.000481203007519,0,0,0.010345864661654,0,0,0,0,0,0,0.000601503759398,0,0,0,0,0,0,0,0,0,0,0,0,0,0,0,0,0,0.001383458646617,0,0,0,0,0,0.001443609022556,0,0,0,0,0,0,0,0,0,0,0.000902255639098,0,0,0,0,0,0,0,0,0,0,0,0,0,0,0,0,0,0,0,0,0,0,0,0,0,0.000541353383459,0,0,0,0,0,0,0,0,0,0,0,0,0,0,0,0,0,0,0,0,0,0,0,0,0,0,0,0,0,0,0,0,0,0,0.001142857142857,0,0,0,0,0,0,0,0,0,0,0,0,0,0
"P07",0.000568643379366,0,0,0,0.006986190089358,0,0,0.04995938261576,0.274492282696994,0,0.070024370430544,0.024370430544273,0,0,0,0.001624695369618,0,0.000974817221771,0,0.152315190901706,0.015922014622258,0,0,0.006417546709992,0.025670186839968,0,0,0.030138099106418,0.007554833468725,0.010804224207961,0,0,0.001462225832656,0,0.001462225832656,0.001462225832656,0.000812347684809,0.008529650690496,0,0,0.000324939073924,0,0,0.014541023558083,0.000406173842405,0.033387489845654,0.006904955320877,0,0,0.002355808285946,0,0.011047928513404,0.011454102355808,0,0.003736799350122,0,0.010316815597076,0,0,0,0.000324939073924,0,0,0,0.016653127538587,0,0,0,0,0,0,0,0.005930138099106,0,0.014134849715678,0,0,0,0.001137286758733,0,0,0,0.016328188464663,0,0,0,0.006173842404549,0,0,0,0.005199025182778,0,0,0,0,0.00268074735987,0,0.01072298943948,0,0.001218521527214,0,0,0,0.003980503655565,0,0,0,0,0,0,0.019983753046304,0.001624695369618,0.007067424857839,0,0,0,0,0,0,0,0,0,0,0,0,0,0.000649878147847,0,0,0,0,0,0,0,0,0,0,0.00178716490658,0,0,0.005605199025183,0,0,0,0,0.005036555645816,0,0,0.003168155970755,0,0.002355808285946,0,0,0,0.001705930138099,0,0,0,0.001868399675061,0,0,0,0,0,0,0,0,0.018846466287571,0,0,0,0,0.004630381803412,0,0,0,0,0,0,0,0,0,0,0,0.003330625507717,0,0,0,0.003899268887084,0,0.001868399675061,0,0.009585702680747,0,0,0,0,0,0,0,0,0,0,0,0,0,0,0,0,0,0,0,0,0,0,0.005442729488221,0.000568643379366,0,0,0,0,0,0,0,0,0,0,0,0,0,0,0,0,0,0,0,0,0,0,0,0,0,0,0,0,0,0,0,0,0,0,0,0,0,0,0,0,0,0,0,0,0,0,0,0,0,0,0,0,0,0,0,0,0
"P11",0,0,0.004211527357946,0,0,0.001392521142547,0,0.009238189043236,0,0,0.518357504330401,0.004211527357946,0,0.006181435315695,0,0,0.017185748734844,0.032061950208878,0,0.050470400434738,0,0.003634140542744,0,0.001154773630405,0.003566212682132,0.001800088306219,0,0.008151343273444,0.001664232584995,0.001086845769792,0.000611350745508,0.000237747512142,0.009068369391706,0,0.004143599497334,0.042115273579459,0,0,0.004720986312536,0,0,0,0,0.054953639235132,0.003396393030602,0.009102333322012,0,0,0.000407567163672,0.02275583330503,0,0,0.012396834561696,0,0.008966477600788,0,0.005094589545902,0,0.00033963930306,0.001528376863771,0,0,0.000883062187956,0.001256665421323,0.001256665421323,0,0.000237747512142,0,0.001596304724383,0.003769996263968,0.001290629351629,0.001052881839486,0.023842679074823,0.001935944027443,0.006181435315695,0.000237747512142,0,0,0,0,0,0.000543422884896,0,0,0,0.010392962673641,0.007709812179465,0.001154773630405,0,0,0.001494412933465,0.000373603233366,0,0.004449274870088,0,0.002343511191115,0,0,0.00033963930306,0,0,0,0,0,0,0,0,0,0,0,0.001596304724383,0.000747206466732,0,0,0,0,0,0,0.000917026118262,0,0,0,0,0,0,0,0.003090717657847,0,0,0,0,0.000271711442448,0.000475495024284,0.002411439051727,0,0.001120809700099,0.000883062187956,0,0.00067927860612,0.000101891790918,0.000883062187956,0,0,0.00101891790918,0,0,0.00016981965153,0,0,0,0.001698196515301,0,0.001698196515301,0.002105763678973,0,0,0,0,0,0,0,0.000237747512142,0,0,0,0,0,0,0.000917026118262,0,0,0,0,0,0,0,0,0,0,0,0,0,0,0,0,0,0,0.00016981965153,0,0,0,0.002819006215399,0,0,0,0,0,0.000135855721224,0,0,0,0.00050945895459,0,0,0,0,0.000135855721224,0,0,0,0,0,0,0,0,0,0.000441531093978,0,0.000441531093978,0,0,0.000747206466732,0,0,0,0,0,0,0,0,0.000645314675814,0,0,0,0,0.001188737560711,0,0,0,0,0,0,0,0,0,0.002071799748667,0,0,0,0,0,0,0,0,0,0.001154773630405,0,0,0,0,0,0,0.000203783581836,0,0,0.000645314675814,0,0,0,0,0,0,0,0
"P12",0.003568724991889,0,0.004650156807613,0.019682059046177,0,0.003568724991889,0.007245593165351,0.023575213582784,0.111279333838002,0,0.211095490429328,0.009516599978371,0,0.004433870444468,0.002595436357738,0,0.006056018168055,0.033091813561155,0,0.149670163296204,0,0,0,0,0.000757002271007,0,0.004001297718179,0,0.003460581810317,0,0.001405861360441,0,0.001622147723586,0,0.010057315886233,0.009192170433654,0,0,0,0.007461879528496,0.002162863631448,0,0,0.015248188601709,0.007786309073213,0.039580404455499,0.012436465880826,0.021520493132908,0.003893154536606,0.000324429544717,0,0,0.004542013626041,0,0.031469665837569,0,0.047150427165567,0,0.001297718178869,0,0,0.000648859089434,0,0,0.020763490861901,0,0.000324429544717,0,0.001405861360441,0,0,0,0.012544609062399,0,0.017627338596302,0,0,0.002919865902455,0.004109440899751,0,0,0,0,0.000540715907862,0,0.004433870444468,0.005947874986482,0,0,0,0,0,0,0.010273602249378,0,0.005515302260192,0,0,0.006596734075917,0,0,0,0,0.000648859089434,0,0,0.006921163620634,0,0,0,0.006380447712772,0,0,0,0,0,0,0,0,0.000216286363145,0,0,0,0,0,0,0,0,0,0,0.001081431815724,0,0,0,0,0,0,0,0.003893154536606,0,0.004109440899751,0,0,0,0,0,0,0,0,0,0,0,0,0,0,0,0,0,0,0,0,0.00043257272629,0,0,0,0,0,0,0,0,0,0.000648859089434,0,0,0,0,0,0,0,0,0,0,0,0,0,0,0,0,0,0,0,0,0,0,0,0,0.000648859089434,0,0,0,0,0,0,0,0,0,0,0,0,0,0,0,0,0,0,0,0,0,0,0,0.015572618146426,0,0,0,0,0,0,0,0,0,0,0,0,0,0.000648859089434,0,0,0,0,0,0,0,0,0,0,0,0,0,0,0,0,0,0,0.000648859089434,0,0,0,0,0,0,0,0,0,0,0,0,0,0,0,0,0,0,0,0
"P13",0,0,0,0,0,0,0.003412969283276,0,0,0,0.563139931740614,0.095563139931741,0.006825938566553,0,0,0,0,0,0,0.061433447098976,0.005119453924915,0,0,0,0,0,0,0,0,0,0,0,0.011945392491468,0,0.017064846416382,0.093856655290102,0,0,0,0,0,0,0,0,0,0.0580204778157,0,0,0,0,0,0,0,0,0,0,0.037542662116041,0,0,0,0,0,0,0,0,0,0,0.008532423208191,0,0,0,0,0,0,0,0,0,0,0,0,0,0,0,0,0,0,0,0,0,0,0,0,0,0,0,0,0,0.003412969283276,0,0,0,0,0,0,0,0,0,0,0,0,0,0,0,0,0,0,0,0,0,0,0,0,0,0,0,0,0,0,0,0,0,0,0,0,0,0,0,0,0,0,0,0,0,0,0,0,0,0,0,0,0,0,0.02901023890785,0,0,0,0,0,0,0,0,0,0,0,0,0,0,0.005119453924915,0,0,0,0,0,0,0,0,0,0,0,0,0,0,0,0,0,0,0,0,0,0,0,0,0,0,0,0,0,0,0,0,0,0,0,0,0,0,0,0,0,0,0,0,0,0,0,0,0,0,0,0,0,0,0,0,0,0,0,0,0,0,0,0,0,0,0,0,0,0,0,0,0,0,0,0,0,0,0,0,0,0,0,0,0,0,0,0,0,0,0,0,0,0,0,0,0,0,0,0,0,0,0,0,0,0
"P16",0.001718685549292,0,0,0,0,0,0,0.007905953526743,0.215179430771346,0,0.20796095146432,0.005499793757734,0,0,0.013062010174619,0,0.009899628763921,0.000618726797745,0,0.066684999312526,0.005224804069847,0,0,0.004331087584216,0.006118520555479,0.007424721572941,0,0.006874742197168,0,0.007355974150969,0,0,0.016911865805032,0,0.001787432971264,0.016705623539117,0.005637288601677,0,0,0,0.013405747284477,0,0.001443695861405,0.049154406709748,0.007080984463083,0.0237866080022,0,0,0,0.005018561803932,0,0,0.016361886429259,0,0,0,0.008730922590403,0,0,0.007630963838856,0,0,0,0.014986937989825,0.01024336587378,0,0.003162381410697,0,0.003162381410697,0.005843530867592,0,0.004262340162244,0.001924927815207,0.000618726797745,0.022480406984738,0,0,0,0.00123745359549,0,0,0,0.001993675237179,0,0,0.001374948439434,0.007287226728998,0,0,0,0.003093633988725,0,0,0.011618314313213,0,0.001443695861405,0.000343737109858,0.000274989687887,0,0.004881066959989,0,0,0,0.000549979375773,0,0.001512443283377,0,0.004881066959989,0.003093633988725,0,0,0.001168706173518,0,0,0,0,0,0,0,0,0,0,0,0,0,0,0,0,0,0,0,0,0,0,0,0.000274989687887,0,0,0.001718685549292,0,0,0,0,0,0,0,0,0,0,0,0.001856180393235,0,0,0,0,0,0,0,0.001512443283377,0,0,0.001581190705349,0,0.000893716485632,0,0,0,0.00329987625464,0,0.00247490719098,0.008043448370686,0.001031211329575,0,0,0.000756221641688,0,0.00164993812732,0,0,0,0.007562216416884,0,0,0.002199917503094,0,0.009212154544205,0,0.000618726797745,0,0,0,0,0,0,0,0.000481231953802,0.007974700948714,0,0,0,0,0.00082496906366,0,0,0,0,0,0,0,0,0.003437371098584,0.000206242265915,0,0,0,0,0,0,0,0,0,0,0,0,0,0,0,0,0.000687474219717,0,0,0,0.00082496906366,0,0,0,0,0,0,0,0,0,0,0,0,0,0,0,0,0,0,0,0,0,0,0,0,0,0,0,0,0,0,0,0,0,0,0,0,0,0,0,0,0
"P17",0,0.003870533460481,0,0,0,0.001907219386324,0.001177988444494,0.034329948953834,0,0,0.040275985864139,0.011555505693611,0,0,0.001514556571493,0,0.022662253884557,0,0,0.125315532619061,0.005441184719807,0,0,0.00274863970382,0.014640713524429,0.003085207830818,0,0.007797161608796,0.003029113142985,0.000560946878331,0.004711953777977,0,0,0,0.219442418802939,0.00129017782016,0.000841420317496,0,0,0,0.001177988444494,0,0,0.109216357210972,0,0.009872665058619,0,0.002860829079486,0,0.013294441016436,0,0,0.010153138497784,0,0.001121893756661,0,0.09250014023672,0,0.004599764402311,0,0,0.00768497223313,0,0.001514556571493,0.012340831323274,0,0,0.003085207830818,0.003085207830818,0.000953609693162,0,0,0.003029113142985,0,0.003533965333483,0.004151006899647,0,0,0.000392662814831,0,0.001626745947159,0.000841420317496,0.007572782857463,0.000168284063499,0.001963314074157,0.00201940876199,0.003309586582151,0,0,0,0.000785325629663,0,0,0.00347787064565,0,0.006506983788635,0,0.001009704380995,0,0,0,0,0.001795030010658,0,0.000224378751332,0,0,0,0.001738935322825,0,0.006563078476468,0.002131598137656,0.001907219386324,0,0,0.00129017782016,0,0,0,0.001682840634992,0,0,0,0,0,0,0,0,0,0,0,0,0,0,0,0,0,0,0.000280473439165,0,0.002524260952488,0.000953609693162,0,0,0,0,0.001346272507993,0.004655859090144,0.00145846188366,0,0.000560946878331,0,0.001402367195827,0,0.000785325629663,0,0,0,0,0.001177988444494,0,0.000112189375666,0,0.074605934817973,0.000673136253997,0,0,0.001963314074157,0,0,0.000560946878331,0.001851124698491,0,0,0.001907219386324,0.000897515005329,0,0,0,0,0,0.000841420317496,0,0,0.000336568126998,0.001346272507993,0.002804734391653,0.001009704380995,0,0,0,0,0,0,0.002187692825489,0,0,0,0.000617041566164,0,0,0,0,0,0,0,0.001346272507993,0,0,0,0,0,0,0.000953609693162,0,0.002299882201156,0.001346272507993,0.00072923094183,0,0,0,0,0,0,0,0,0,0,0,0,0,0,0,0,0,0,0,0,0,0,0,0.004711953777977,0,0.000392662814831,0,0,0,0,0,0,0,0.002187692825489,0,0,0,0,0.000224378751332,0.013238346328603,0,0,0,0,0,0,0,0,0,0,0,0,0,0,0,0
"P18",0,0,0,0,0.000333444481494,0,0,0.00433477825942,0.002334111370457,0,0.043681227075692,0.019339779926642,0.000666888962988,0,0.005001667222407,0,0,0,0,0.079693231077026,0,0,0,0,0.001333777925975,0,0,0,0,0,0,0,0.002667555851951,0,0.002334111370457,0.002000666888963,0,0,0,0,0,0,0,0.504501500500167,0.011003667889296,0.033011003667889,0,0.004668222740914,0,0,0,0,0,0,0,0,0.027009003001,0,0,0.001000333444481,0,0,0,0.011003667889296,0,0,0,0,0.00700233411137,0,0,0,0,0.003667889296432,0,0,0,0,0,0,0,0,0,0.005001667222407,0,0.007335778592864,0,0,0,0,0,0,0,0,0,0,0.001333777925975,0.009003001000333,0,0,0.000666888962988,0,0,0,0,0,0,0,0,0,0.00700233411137,0,0,0,0,0,0,0,0,0,0,0,0,0,0,0,0,0,0,0,0,0,0.002334111370457,0,0,0,0,0,0.010003334444815,0,0,0,0,0,0,0,0,0,0,0,0,0,0.002334111370457,0,0,0,0.065355118372791,0,0,0,0,0,0,0,0,0,0,0,0,0,0,0,0,0,0,0,0,0,0,0,0,0,0,0,0,0,0.076358786262087,0,0,0,0,0,0,0.01567189063021,0,0,0,0,0,0,0,0,0,0,0,0,0,0.000666888962988,0,0,0,0,0,0,0,0,0,0.002000666888963,0,0,0,0,0,0,0,0,0,0,0,0,0,0,0,0,0,0,0,0,0,0,0,0,0,0,0,0,0,0,0,0,0,0,0,0,0,0,0,0,0,0,0,0,0,0,0.006335445148383,0,0,0,0,0,0,0,0,0
"P21",0,0,0.036277873070326,0,0,0,0,0.001715265866209,0.074185248713551,0,0.10377358490566,0,0,0,0,0,0.003087478559177,0,0.009948542024014,0.245883361921098,0.021955403087479,0,0,0,0.001029159519726,0.007204116638079,0,0,0,0.002915951972556,0,0,0.016123499142367,0,0,0.010977701543739,0,0.007204116638079,0,0,0,0,0,0.135763293310463,0,0.005831903945111,0.000943396226415,0,0,0.001629502572899,0,0.045454545454546,0.053859348198971,0,0.001200686106346,0,0.001372212692967,0,0.002229845626072,0,0,0,0,0,0.013979416809606,0,0,0,0,0,0,0,0.015180102915952,0,0.010548885077187,0,0,0,0,0,0,0,0.026843910806175,0,0,0.004373927958834,0,0,0,0,0,0,0.013121783876501,0,0,0,0,0,0,0,0,0,0,0,0,0,0,0,0,0,0,0.000428816466552,0,0,0,0,0,0,0,0,0,0,0,0,0,0,0.000600343053173,0,0,0,0,0,0,0.004288164665523,0,0,0.002401372212693,0,0,0,0,0,0,0,0.019725557461407,0,0,0,0,0,0,0.011578044596913,0.00188679245283,0,0,0,0,0,0,0,0,0.000343053173242,0,0,0,0,0,0.003087478559177,0,0,0,0,0,0,0,0,0,0,0,0,0,0.001286449399657,0,0,0,0.01106346483705,0,0,0,0,0,0,0,0,0,0,0.015780445969125,0,0,0,0,0,0,0,0.000343053173242,0,0,0,0,0,0,0,0,0,0,0,0.00557461406518,0,0,0,0,0,0,0,0,0,0,0.00180102915952,0,0,0,0,0,0,0,0,0.000343053173242,0,0,0,0,0,0,0,0,0,0,0,0,0,0,0,0,0,0,0,0,0,0,0,0,0,0,0,0,0,0,0,0,0,0,0,0.001629502572899,0
"P22",0,0,0,0,0.009957726632222,0,0,0.037576326914044,0,0,0.162047909816815,0.019445749178018,0,0,0,0.004978863316111,0.012775951150775,0,0,0.25514325974636,9.39E-05,0,0,0,0,0,0,0.027148896195397,0,0.01268201033349,0,0,0.015594175669328,0,0,0.014842649131047,0,0.006106153123532,0,0,0,0,0,0.029685298262095,0,0.01230624706435,0,0,0,0,0,0,0.015782057303899,0,0.024706434945984,0,0,0.001409112259277,0,0,0,0,0.019069985908877,0,0.036542977923908,0.05533114138093,0,0,0.001784875528417,0,0,0.00385157350869,0,0.034476279943636,0.005354626585251,0,0,0,0.013339596054486,0,0,0,0.001596993893847,0,0,0.007984969469234,0,0,0,0,0,0.001409112259277,0,0,0,0,0,0.001127289807421,0,0,0,0.000751526538281,0.002630342883983,0.007891028651949,0.015500234852043,0,0,0,0,0,0.003100046970409,0,0,0,0,0,0,0,0,0,0,0,0,0,0,0,0.008736496007515,0,0,0,0,0,0,0,0,0,0,0,0,0,0,0,0,0,0,0,0,0,0,0,0,0,0,0,0,0,0,0,0,0,0,0.006387975575388,0,0,0,0,0,0,0,0,0,0,0,0,0,0,0,0,0,0,0,0,0,0,0.004884922498826,0,0,0,0,0,0,0,0,0,0,0,0,0,0,0,0,0,0,0,0,0,0,0,0,0,0,0,0,0,0,0,0,0,0,0,0,0,0,0,0.006387975575388,0,0,0,0,0.026961014560827,0,0,0,0,0,0,0,0,0,0,0,0,0,0,0,0,0,0,0,0,0,0,0,0,0,0,0,0,0.010991075622358,0,0,0,0,0,0,0,0,0,0,0,0,0,0,0
"P23",0,0,0,0.01109537299339,0.019121813031162,0,0,0,0.134088762983947,0,0.058545797922569,0,0,0,0.00070821529745,0,0,0,0,0.205146364494806,0,0,0,0,0,0,0,0.006610009442871,0,0.008026440037771,0,0,0.006137865911237,0,0.01038715769594,0,0,0,0,0.083097261567517,0,0,0,0,0,0.001652502360718,0,0,0,0.017233238904627,0,0,0.002360717658168,0,0,0,0,0,0,0,0,0,0,0,0,0,0,0,0,0,0,0,0.020302171860246,0,0.000944287063267,0,0,0,0,0,0,0,0,0,0,0.076015108593012,0,0,0,0,0,0,0,0,0,0,0,0,0,0,0,0,0,0,0,0,0,0,0,0,0,0,0,0,0,0,0,0,0,0,0,0,0,0,0,0,0,0,0,0,0,0,0,0,0,0,0,0,0,0,0,0,0,0,0,0,0,0.046033994334278,0,0,0,0,0,0,0,0,0,0,0,0,0,0,0,0.003068932955619,0,0,0,0,0,0,0,0,0,0,0,0,0,0,0,0,0,0,0,0,0,0,0,0,0,0,0,0,0,0.009915014164306,0,0,0,0,0,0,0,0,0,0,0,0,0,0.013692162417375,0,0,0,0,0,0,0,0,0,0,0,0,0,0,0,0,0,0.006137865911237,0,0,0,0,0,0,0,0,0,0,0,0,0,0,0,0,0,0,0,0,0,0,0,0,0,0,0,0,0,0,0,0,0,0,0.019121813031162,0,0,0,0,0,0,0,0,0,0,0,0,0
"P26",0,0,0,0.035140467913182,0,0,0,0.013436061260923,0,0,0.147890632340506,0.001597293996054,0,0,0,0,0.001033543173917,0,0,0.092455134830405,0.017288358545523,0,0.018415860189796,0.003664380343888,0.013248144320211,0,0,0.001409377055342,0,0.016442732312318,0,0,0.013530019731279,0,0.009677722446679,0.021516489711548,0.007892511509913,0,0.007986469980269,0.00216104481819,0,0,0.001033543173917,0.262426007704595,0.004885840458517,0.017664192426947,0,0.003006671051395,0,0.004416048106737,0,0,0,0,0.022831908296533,0,0.006107300573147,0,0.004416048106737,0,0,0,0.000281875411068,0.004134172695669,0.019919195715494,0,0.007046885276708,0,0,0.003006671051395,0,0,0.002442920229259,0.005919383632434,0.003570421873532,0.004979798928873,0,0.000751667762849,0.001127501644273,0.013342102790567,0,0,0.003194587992107,0,0,0.001785210936766,0,0,0,0,0.000657709292493,0,0.001503335525698,0.009207930094898,0,0.006389175984215,0,0.000469792351781,0.001221460114629,0.000563750822137,0.010335431739171,0.001973127877478,0,0.006201259043503,0,0,0,0,0.003664380343888,0,0,0,0,0.00216104481819,0,0,0,0,0,0.00169125246641,0,0,0,0,0,0,0.000281875411068,0,0,0.001973127877478,0,0,0,0,0,0.010147514798459,0,0,0,0,0.001597293996054,0,0,0,0.009771680917035,0,0,0,0,0,0,0,0,0,0,0,0,0,0,0,0,0,0,0,0,0,0,0,0,0,0,0,0,0,0,0,0,0,0,0,0,0,0,0,0,0,0.002348961758903,0.013623978201635,0,0,0,0,0,0,0.000563750822137,0,0,0,0,0,0,0.01061730715024,0,0,0,0,0,0,0,0,0.005449591280654,0,0,0,0,0.001597293996054,0,0,0,0,0,0,0,0,0,0,0,0,0,0,0,0,0,0,0,0,0,0,0,0,0,0.002630837169971,0,0,0,0.000375833881424,0,0,0,0.011462933383445,0,0,0,0,0,0,0,0,0,0,0,0.002818754110683,0,0,0,0,0,0.001503335525698,0,0,0,0,0,0.003288546462464
"P27",0,0.003504002416553,0.013291043648996,0,0.002688415647183,0.000181241504304,0.001087449025827,0.028122640084579,0.090197855308866,0.000785379851986,0.036187887026129,0.00066455218245,0,0.000271862256457,0.00592055580728,0,0,0,0,0.036369128530434,0,0,0.000181241504304,0,0.005376831294366,0,0,0.001691587373509,0.000453103760761,0.501918139253889,0.00510496903791,0,0.005860141972512,0,0.001903035795197,0.000332276091225,0.067331218849116,0,0,0.001963449629965,0,0,0.000483310678145,0.03730554296934,0.000392689925993,0.00755172934602,0,0.007702763932941,0,0.000483310678145,0.001117655943211,0,0.010965111010421,0.000181241504304,0.001600966621356,0,0.005437245129135,0.003413381664401,0,0,0,0,0,0,0.005316417459598,0,0.0013291043649,0,0.001057242108443,0.001661380456124,0,0.000604138347682,0.005860141972512,0.001903035795197,0.002114484216886,0,0,0,0.001147862860595,0,0,0,0.000453103760761,0,0,0.000120827669536,0,0,0,0,0.001238483612747,0,0,0,0,0.009122489049992,0.000241655339073,0.004500830690228,0,0.003926899259931,0,0.00081558676937,0,0.000634345265066,0.00066455218245,0.000573931430298,0,0,0.001087449025827,0,0.001268690530131,0.004108140764235,0,0,0,0.000513517595529,0,0,0,0,0.003685243920858,0,0,0.000302069173841,0,0,0.000302069173841,0,0,0,0,0.00015103458692,0.000604138347682,0,0,0,0,0,0,0.003020691738408,0.001419725117052,0,0,0,0,0.001359311282284,0,0,0,0,9.06E-05,0,0,0,0,0,0.015405527865881,0,0,0,0.0013291043649,0.001661380456124,0,0,0.000694759099834,0,0,0.000845793686754,0,0,0,0,0,0,0,0,0,0,0,0,0,0,0,0,0,0,0,0,0,0,0.001117655943211,0,0,0.003473795499169,0,0,0,0.001872828877813,0,0,0,0,0,0,0,0,0,0,0,0,0.000906207521522,0,0.000483310678145,0,0,0,0,0,0,0,0,0,0,0,0,0,0,0,0,0,0,0,0,0,0.000181241504304,0.000241655339073,0,0,0,0,0,0,0,0,0,0.00081558676937,0.000422896843377,0,0,0,0,0,0,0,0,0,0.000120827669536,0,0,0,0,0,0,0,0,0,0,0,0,0.000785379851986,0,0,0,0
"P30",0,0,0.239827373612824,0.070900123304562,0.005548705302096,0,0,0.027743526510481,0,0.033908754623921,0.074599260172626,0,0,0.013563501849568,0.028976572133169,0,0.003699136868064,0.001849568434032,0,0.013563501849568,0,0,0,0,0,0,0,0.00616522811344,0.001233045622688,0,0,0,0.005548705302096,0,0,0.041307028360049,0,0,0,0,0,0,0,0.042540073982737,0,0.014180024660913,0,0,0,0.009864364981504,0,0.121454993834772,0,0,0,0,0.001849568434032,0.042540073982737,0,0,0,0,0,0.014796547472257,0.004932182490752,0,0,0,0,0,0,0,0,0,0.00308261405672,0,0,0,0,0,0,0,0,0,0,0.057336621454994,0,0,0,0,0,0,0,0,0,0,0,0,0,0,0,0,0,0.002466091245376,0,0,0,0,0,0,0,0.004315659679408,0,0,0,0,0,0,0,0,0,0,0,0,0,0,0,0,0,0,0,0,0,0,0,0,0,0,0,0,0,0,0,0,0,0,0,0,0,0,0,0,0,0,0,0.035758323057953,0,0,0,0,0,0,0,0,0,0,0,0.004932182490752,0,0,0,0.003699136868064,0,0,0.002466091245376,0,0,0,0,0,0,0,0,0,0,0,0.00924784217016,0,0,0.001849568434032,0,0,0,0,0,0,0,0,0,0,0,0,0,0,0,0,0,0,0,0,0,0,0,0,0.00924784217016,0,0,0,0,0,0,0,0,0,0,0,0,0,0,0,0,0,0,0,0,0,0,0,0,0,0,0,0,0,0,0,0,0,0,0,0,0,0,0,0,0,0,0,0,0,0,0,0,0,0,0,0,0,0,0,0,0,0,0
