,"ASV","mean.vs","sd.vs","n.vs","se.vs","lower.ci.vs","upper.ci.vs","electivity_category"
"1","d__Bacteria.p__Abditibacteriota.c__Abditibacteria.o__Abditibacteriales.f__Abditibacteriaceae.g__Abditibacterium",-1,0,16,0,-1,-1,"against"
"2","d__Bacteria.p__Acidobacteriota.c__Acidobacteriae.o__Acidobacteriales.f__Acidobacteriaceae_.Subgroup_1..g__Bryocella",-1,0,16,0,-1,-1,"against"
"3","d__Bacteria.p__Acidobacteriota.c__Acidobacteriae.o__Acidobacteriales.f__Acidobacteriaceae_.Subgroup_1..g__Edaphobacter",-1,"NA",16,"NA","NA","NA","against"
"4","d__Bacteria.p__Acidobacteriota.c__Acidobacteriae.o__Acidobacteriales.f__Acidobacteriaceae_.Subgroup_1..g__Granulicella",-1,0,16,0,-1,-1,"against"
"5","d__Bacteria.p__Acidobacteriota.c__Acidobacteriae.o__Acidobacteriales.f__Acidobacteriaceae_.Subgroup_1..g__Terriglobus",-1,0,16,0,-1,-1,"against"
"6","d__Bacteria.p__Acidobacteriota.c__Acidobacteriae.o__Bryobacterales.f__Bryobacteraceae.g__Bryobacter",-1,0,16,0,-1,-1,"against"
"7","d__Bacteria.p__Acidobacteriota.c__Acidobacteriae.o__Solibacterales.f__Solibacteraceae.g__Candidatus_Solibacter",-1,0,16,0,-1,-1,"against"
"8","d__Bacteria.p__Acidobacteriota.c__Blastocatellia.o__Blastocatellales.f__Blastocatellaceae.g__Aridibacter",-1,0,16,0,-1,-1,"against"
"9","d__Bacteria.p__Acidobacteriota.c__Blastocatellia.o__Blastocatellales.f__Blastocatellaceae.g__Blastocatella",-1,0,16,0,-1,-1,"against"
"10","d__Bacteria.p__Acidobacteriota.c__Blastocatellia.o__Pyrinomonadales.f__Pyrinomonadaceae.g__RB41","NA","NA",16,"NA","NA","NA","against"
"11","d__Bacteria.p__Acidobacteriota.c__Holophagae.o__Holophagales.f__Holophagaceae.g__Geothrix",-1,0,16,0,-1,-1,"against"
"12","d__Bacteria.p__Acidobacteriota.c__Thermoanaerobaculia.o__Thermoanaerobaculales.f__Thermoanaerobaculaceae.g__Subgroup_10",-1,0,16,0,-1,-1,"against"
"13","d__Bacteria.p__Acidobacteriota.c__Vicinamibacteria.o__Vicinamibacterales.f__Vicinamibacteraceae.g__Vicinamibacter",-1,0,16,0,-1,-1,"against"
"14","d__Bacteria.p__Actinobacteriota.c__Acidimicrobiia.o__Microtrichales.f__Ilumatobacteraceae.g__CL500.29_marine_group",-1,"NA",16,"NA","NA","NA","against"
"15","d__Bacteria.p__Actinobacteriota.c__Actinobacteria.o__Bifidobacteriales.f__Bifidobacteriaceae.g__Bifidobacterium",0.955745092301668,"NA",16,"NA","NA","NA","for"
"16","d__Bacteria.p__Actinobacteriota.c__Actinobacteria.o__Bifidobacteriales.f__Bifidobacteriaceae.g__Gardnerella","NA","NA",16,"NA","NA","NA","against"
"17","d__Bacteria.p__Actinobacteriota.c__Actinobacteria.o__Catenulisporales.f__Actinospicaceae.g__Actinospica","NA","NA",16,"NA","NA","NA","against"
"18","d__Bacteria.p__Actinobacteriota.c__Actinobacteria.o__Corynebacteriales.f__Corynebacteriaceae.g__Corynebacterium",0.267073840120459,1.09843320963542,16,0.274608302408854,-0.318239901255834,0.852387581496752,"neutral"
"19","d__Bacteria.p__Actinobacteriota.c__Actinobacteria.o__Corynebacteriales.f__Corynebacteriaceae.g__Lawsonella",-1,"NA",16,"NA","NA","NA","against"
"20","d__Bacteria.p__Actinobacteriota.c__Actinobacteria.o__Corynebacteriales.f__Mycobacteriaceae.g__Mycobacterium",-0.625468287669965,0.75696352412436,16,0.18924088103109,-1.02882567754501,-0.222110897794916,"against"
"21","d__Bacteria.p__Actinobacteriota.c__Actinobacteria.o__Corynebacteriales.f__Nocardiaceae.g__Gordonia",-1,"NA",16,"NA","NA","NA","against"
"22","d__Bacteria.p__Actinobacteriota.c__Actinobacteria.o__Corynebacteriales.f__Nocardiaceae.g__Rhodococcus",-1,"NA",16,"NA","NA","NA","against"
"23","d__Bacteria.p__Actinobacteriota.c__Actinobacteria.o__Frankiales.f__Acidothermaceae.g__Acidothermus",-1,0,16,0,-1,-1,"against"
"24","d__Bacteria.p__Actinobacteriota.c__Actinobacteria.o__Frankiales.f__Frankiaceae.g__Jatrophihabitans",-0.806788749357059,0.579633751928822,16,0.144908437982206,-1.11565377364201,-0.49792372507211,"against"
"25","d__Bacteria.p__Actinobacteriota.c__Actinobacteria.o__Frankiales.f__Geodermatophilaceae.g__Blastococcus",0.26517626686464,"NA",16,"NA","NA","NA","for"
"26","d__Bacteria.p__Actinobacteriota.c__Actinobacteria.o__Frankiales.f__Geodermatophilaceae.g__Geodermatophilus",-1,"NA",16,"NA","NA","NA","against"
"27","d__Bacteria.p__Actinobacteriota.c__Actinobacteria.o__Frankiales.f__Geodermatophilaceae.g__Klenkia",-1,"NA",16,"NA","NA","NA","against"
"28","d__Bacteria.p__Actinobacteriota.c__Actinobacteria.o__Frankiales.f__Nakamurellaceae.g__Nakamurella",-1,0,16,0,-1,-1,"against"
"29","d__Bacteria.p__Actinobacteriota.c__Actinobacteria.o__Frankiales.f__Sporichthyaceae.g__hgcI_clade",-0.72288667669103,0.733172938458173,16,0.183293234614543,-1.11356695831438,-0.332206395067681,"against"
"30","d__Bacteria.p__Actinobacteriota.c__Actinobacteria.o__Frankiales.f__Sporichthyaceae.g__Longivirga",-1,0,16,0,-1,-1,"against"
"31","d__Bacteria.p__Actinobacteriota.c__Actinobacteria.o__Kineosporiales.f__Kineosporiaceae.g__Kineococcus",-1,0,16,0,-1,-1,"against"
"32","d__Bacteria.p__Actinobacteriota.c__Actinobacteria.o__Kineosporiales.f__Kineosporiaceae.g__Kineosporia",-1,"NA",16,"NA","NA","NA","against"
"33","d__Bacteria.p__Actinobacteriota.c__Actinobacteria.o__Kineosporiales.f__Kineosporiaceae.g__Pseudokineococcus","NA","NA",16,"NA","NA","NA","against"
"34","d__Bacteria.p__Actinobacteriota.c__Actinobacteria.o__Kineosporiales.f__Kineosporiaceae.g__Quadrisphaera",-1,"NA",16,"NA","NA","NA","against"
"35","d__Bacteria.p__Actinobacteriota.c__Actinobacteria.o__Micrococcales.f__Brevibacteriaceae.g__Brevibacterium",-1,"NA",16,"NA","NA","NA","against"
"36","d__Bacteria.p__Actinobacteriota.c__Actinobacteria.o__Micrococcales.f__Cellulomonadaceae.g__Cellulomonas",-1,0,16,0,-1,-1,"against"
"37","d__Bacteria.p__Actinobacteriota.c__Actinobacteria.o__Micrococcales.f__Cellulomonadaceae.g__Pseudactinotalea","NA","NA",16,"NA","NA","NA","against"
"38","d__Bacteria.p__Actinobacteriota.c__Actinobacteria.o__Micrococcales.f__Dermabacteraceae.g__Brachybacterium",-1,0,16,0,-1,-1,"against"
"39","d__Bacteria.p__Actinobacteriota.c__Actinobacteria.o__Micrococcales.f__Dermacoccaceae.g__Dermacoccus",-1,0,16,0,-1,-1,"against"
"40","d__Bacteria.p__Actinobacteriota.c__Actinobacteria.o__Micrococcales.f__Intrasporangiaceae.g__Intrasporangium",-1,"NA",16,"NA","NA","NA","against"
"41","d__Bacteria.p__Actinobacteriota.c__Actinobacteria.o__Micrococcales.f__Intrasporangiaceae.g__Knoellia",-1,0,16,0,-1,-1,"against"
"42","d__Bacteria.p__Actinobacteriota.c__Actinobacteria.o__Micrococcales.f__Intrasporangiaceae.g__Phycicoccus",-1,"NA",16,"NA","NA","NA","against"
"43","d__Bacteria.p__Actinobacteriota.c__Actinobacteria.o__Micrococcales.f__Intrasporangiaceae.g__Terrabacter",-1,0,16,0,-1,-1,"against"
"44","d__Bacteria.p__Actinobacteriota.c__Actinobacteria.o__Micrococcales.f__Intrasporangiaceae.g__Tetrasphaera",-1,"NA",16,"NA","NA","NA","against"
"45","d__Bacteria.p__Actinobacteriota.c__Actinobacteria.o__Micrococcales.f__Microbacteriaceae.g__Amnibacterium",-1,0,16,0,-1,-1,"against"
"46","d__Bacteria.p__Actinobacteriota.c__Actinobacteria.o__Micrococcales.f__Microbacteriaceae.g__Aurantimicrobium",-1,0,16,0,-1,-1,"against"
"47","d__Bacteria.p__Actinobacteriota.c__Actinobacteria.o__Micrococcales.f__Microbacteriaceae.g__Candidatus_Limnoluna",-0.3561547951046,1.11517260708843,16,0.278793151772107,-0.950388331754434,0.238078741545235,"neutral"
"48","d__Bacteria.p__Actinobacteriota.c__Actinobacteria.o__Micrococcales.f__Microbacteriaceae.g__Candidatus_Planktoluna",-1,0,16,0,-1,-1,"against"
"49","d__Bacteria.p__Actinobacteriota.c__Actinobacteria.o__Micrococcales.f__Microbacteriaceae.g__Curtobacterium",-1,0,16,0,-1,-1,"against"
"50","d__Bacteria.p__Actinobacteriota.c__Actinobacteria.o__Micrococcales.f__Microbacteriaceae.g__Frigoribacterium","NA","NA",16,"NA","NA","NA","against"
"51","d__Bacteria.p__Actinobacteriota.c__Actinobacteria.o__Micrococcales.f__Microbacteriaceae.g__Gulosibacter","NA","NA",16,"NA","NA","NA","against"
"52","d__Bacteria.p__Actinobacteriota.c__Actinobacteria.o__Micrococcales.f__Microbacteriaceae.g__Microbacterium","NA","NA",16,"NA","NA","NA","against"
"53","d__Bacteria.p__Actinobacteriota.c__Actinobacteria.o__Micrococcales.f__Microbacteriaceae.g__Rhodoluna",-1,0,16,0,-1,-1,"against"
"54","d__Bacteria.p__Actinobacteriota.c__Actinobacteria.o__Micrococcales.f__Micrococcaceae.g__Glutamicibacter","NA","NA",16,"NA","NA","NA","against"
"55","d__Bacteria.p__Actinobacteriota.c__Actinobacteria.o__Micrococcales.f__Micrococcaceae.g__Kocuria",-1,0,16,0,-1,-1,"against"
"56","d__Bacteria.p__Actinobacteriota.c__Actinobacteria.o__Micrococcales.f__Micrococcaceae.g__Micrococcus",-1,"NA",16,"NA","NA","NA","against"
"57","d__Bacteria.p__Actinobacteriota.c__Actinobacteria.o__Micrococcales.f__Micrococcaceae.g__Rothia","NA","NA",16,"NA","NA","NA","against"
"58","d__Bacteria.p__Actinobacteriota.c__Actinobacteria.o__Micrococcales.f__Micrococcales_Incertae_Sedis.g__Timonella","NA","NA",16,"NA","NA","NA","against"
"59","d__Bacteria.p__Actinobacteriota.c__Actinobacteria.o__Micromonosporales.f__Micromonosporaceae.g__Actinoplanes",-1,0,16,0,-1,-1,"against"
"60","d__Bacteria.p__Actinobacteriota.c__Actinobacteria.o__Propionibacteriales.f__Nocardioidaceae.g__Aeromicrobium",-1,"NA",16,"NA","NA","NA","against"
"61","d__Bacteria.p__Actinobacteriota.c__Actinobacteria.o__Propionibacteriales.f__Nocardioidaceae.g__Marmoricola",-0.721138410893232,0.737798414984787,16,0.184449603746197,-1.11428343497674,-0.32799338680972,"against"
"62","d__Bacteria.p__Actinobacteriota.c__Actinobacteria.o__Propionibacteriales.f__Nocardioidaceae.g__Nocardioides",-0.862574757345146,0.514198174308736,16,0.128549543577184,-1.13657162358465,-0.588577891105641,"against"
"63","d__Bacteria.p__Actinobacteriota.c__Actinobacteria.o__Propionibacteriales.f__Propionibacteriaceae.g__Cutibacterium","NA","NA",16,"NA","NA","NA","against"
"64","d__Bacteria.p__Actinobacteriota.c__Actinobacteria.o__Propionibacteriales.f__Propionibacteriaceae.g__Friedmanniella",-1,0,16,0,-1,-1,"against"
"65","d__Bacteria.p__Actinobacteriota.c__Actinobacteria.o__Pseudonocardiales.f__Pseudonocardiaceae.g__Actinomycetospora",-0.856586761781215,0.517083783978161,16,0.12927094599454,-1.13212126087536,-0.58105226268707,"against"
"66","d__Bacteria.p__Actinobacteriota.c__Actinobacteria.o__Pseudonocardiales.f__Pseudonocardiaceae.g__Pseudonocardia",-1,0,16,0,-1,-1,"against"
"67","d__Bacteria.p__Actinobacteriota.c__Actinobacteria.o__Pseudonocardiales.f__Pseudonocardiaceae.g__Saccharopolyspora",-1,"NA",16,"NA","NA","NA","against"
"68","d__Bacteria.p__Actinobacteriota.c__Actinobacteria.o__Streptomycetales.f__Streptomycetaceae.g__Kitasatospora",-1,"NA",16,"NA","NA","NA","against"
"69","d__Bacteria.p__Actinobacteriota.c__Actinobacteria.o__Streptomycetales.f__Streptomycetaceae.g__Streptomyces",-1,0,16,0,-1,-1,"against"
"70","d__Bacteria.p__Actinobacteriota.c__Actinobacteria.o__Streptosporangiales.f__Streptosporangiaceae.g__Sphaerisporangium",-1,"NA",16,"NA","NA","NA","against"
"71","d__Bacteria.p__Actinobacteriota.c__Actinobacteria.o__Streptosporangiales.f__Thermomonosporaceae.g__Actinoallomurus",-1,0,16,0,-1,-1,"against"
"72","d__Bacteria.p__Actinobacteriota.c__Actinobacteria.o__Streptosporangiales.f__Thermomonosporaceae.g__Actinomadura",-1,"NA",16,"NA","NA","NA","against"
"73","d__Bacteria.p__Actinobacteriota.c__Coriobacteriia.o__Coriobacteriales.f__Eggerthellaceae.g__DNF00809","NA","NA",16,"NA","NA","NA","against"
"74","d__Bacteria.p__Actinobacteriota.c__Coriobacteriia.o__Coriobacteriales.f__Eggerthellaceae.g__Enterorhabdus",-1,0,16,0,-1,-1,"against"
"75","d__Bacteria.p__Actinobacteriota.c__Rubrobacteria.o__Rubrobacterales.f__Rubrobacteriaceae.g__Rubrobacter",-1,0,16,0,-1,-1,"against"
"76","d__Bacteria.p__Actinobacteriota.c__Thermoleophilia.o__Gaiellales.f__Gaiellaceae.g__Gaiella",-1,0,16,0,-1,-1,"against"
"77","d__Bacteria.p__Actinobacteriota.c__Thermoleophilia.o__Solirubrobacterales.f__Solirubrobacteraceae.g__Conexibacter",-1,0,16,0,-1,-1,"against"
"78","d__Bacteria.p__Actinobacteriota.c__Thermoleophilia.o__Solirubrobacterales.f__Solirubrobacteraceae.g__Solirubrobacter",-1,"NA",16,"NA","NA","NA","against"
"79","d__Bacteria.p__Armatimonadota.c__Armatimonadia.o__Armatimonadales.f__Armatimonadaceae.g__Armatimonas",-1,"NA",16,"NA","NA","NA","against"
"80","d__Bacteria.p__Armatimonadota.c__Armatimonadia.o__Armatimonadales.f__Armatimonadales.g__Armatimonadales",-1,0,16,0,-1,-1,"against"
"81","d__Bacteria.p__Armatimonadota.c__Chthonomonadetes.o__Chthonomonadales.f__Chthonomonadaceae.g__Chthonomonas",-1,"NA",16,"NA","NA","NA","against"
"82","d__Bacteria.p__Bacteroidota.c__Bacteroidia.o__Bacteroidales.f__Bacteroidaceae.g__Bacteroides","NA","NA",16,"NA","NA","NA","against"
"83","d__Bacteria.p__Bacteroidota.c__Bacteroidia.o__Bacteroidales.f__Marinifilaceae.g__Marinifilum","NA","NA",16,"NA","NA","NA","against"
"84","d__Bacteria.p__Bacteroidota.c__Bacteroidia.o__Bacteroidales.f__Marinifilaceae.g__Odoribacter","NA","NA",16,"NA","NA","NA","against"
"85","d__Bacteria.p__Bacteroidota.c__Bacteroidia.o__Bacteroidales.f__Marinilabiliaceae.g__.Cytophaga._xylanolytica_group",-1,"NA",16,"NA","NA","NA","against"
"86","d__Bacteria.p__Bacteroidota.c__Bacteroidia.o__Bacteroidales.f__Muribaculaceae.g__Muribaculum",-1,"NA",16,"NA","NA","NA","against"
"87","d__Bacteria.p__Bacteroidota.c__Bacteroidia.o__Bacteroidales.f__Prevotellaceae.g__Alloprevotella","NA","NA",16,"NA","NA","NA","against"
"88","d__Bacteria.p__Bacteroidota.c__Bacteroidia.o__Bacteroidales.f__Prevotellaceae.g__Prevotella",-1,0,16,0,-1,-1,"against"
"89","d__Bacteria.p__Bacteroidota.c__Bacteroidia.o__Bacteroidales.f__Prevotellaceae.g__Prevotellaceae_UCG.001","NA","NA",16,"NA","NA","NA","against"
"90","d__Bacteria.p__Bacteroidota.c__Bacteroidia.o__Bacteroidales.f__Prevotellaceae.g__Prevotellaceae_UCG.003",-1,"NA",16,"NA","NA","NA","against"
"91","d__Bacteria.p__Bacteroidota.c__Bacteroidia.o__Bacteroidales.f__Prolixibacteraceae.g__BSV13",-1,0,16,0,-1,-1,"against"
"92","d__Bacteria.p__Bacteroidota.c__Bacteroidia.o__Bacteroidales.f__Prolixibacteraceae.g__Roseimarinus","NA","NA",16,"NA","NA","NA","against"
"93","d__Bacteria.p__Bacteroidota.c__Bacteroidia.o__Bacteroidales.f__Prolixibacteraceae.g__WCHB1.32",-1,"NA",16,"NA","NA","NA","against"
"94","d__Bacteria.p__Bacteroidota.c__Bacteroidia.o__Bacteroidales.f__Rikenellaceae.g__Alistipes","NA","NA",16,"NA","NA","NA","against"
"95","d__Bacteria.p__Bacteroidota.c__Bacteroidia.o__Bacteroidales.f__Rikenellaceae.g__DMER64",-1,"NA",16,"NA","NA","NA","against"
"96","d__Bacteria.p__Bacteroidota.c__Bacteroidia.o__Bacteroidales.f__Rikenellaceae.g__Rikenellaceae_RC9_gut_group","NA","NA",16,"NA","NA","NA","against"
"97","d__Bacteria.p__Bacteroidota.c__Bacteroidia.o__Bacteroidales.f__Tannerellaceae.g__Parabacteroides","NA","NA",16,"NA","NA","NA","against"
"98","d__Bacteria.p__Bacteroidota.c__Bacteroidia.o__Chitinophagales.f__Chitinophagaceae.g__Aurantisolimonas",-1,0,16,0,-1,-1,"against"
"99","d__Bacteria.p__Bacteroidota.c__Bacteroidia.o__Chitinophagales.f__Chitinophagaceae.g__Chitinophaga",-1,"NA",16,"NA","NA","NA","against"
"100","d__Bacteria.p__Bacteroidota.c__Bacteroidia.o__Chitinophagales.f__Chitinophagaceae.g__Cnuella",-1,"NA",16,"NA","NA","NA","against"
"101","d__Bacteria.p__Bacteroidota.c__Bacteroidia.o__Chitinophagales.f__Chitinophagaceae.g__Dinghuibacter",-1,0,16,0,-1,-1,"against"
"102","d__Bacteria.p__Bacteroidota.c__Bacteroidia.o__Chitinophagales.f__Chitinophagaceae.g__Edaphobaculum",-1,0,16,0,-1,-1,"against"
"103","d__Bacteria.p__Bacteroidota.c__Bacteroidia.o__Chitinophagales.f__Chitinophagaceae.g__Ferruginibacter",-1,0,16,0,-1,-1,"against"
"104","d__Bacteria.p__Bacteroidota.c__Bacteroidia.o__Chitinophagales.f__Chitinophagaceae.g__Filimonas",-1,"NA",16,"NA","NA","NA","against"
"105","d__Bacteria.p__Bacteroidota.c__Bacteroidia.o__Chitinophagales.f__Chitinophagaceae.g__Flavisolibacter",-1,"NA",16,"NA","NA","NA","against"
"106","d__Bacteria.p__Bacteroidota.c__Bacteroidia.o__Chitinophagales.f__Chitinophagaceae.g__Lacibacter",-1,"NA",16,"NA","NA","NA","against"
"107","d__Bacteria.p__Bacteroidota.c__Bacteroidia.o__Chitinophagales.f__Chitinophagaceae.g__Parasediminibacterium",-1,"NA",16,"NA","NA","NA","against"
"108","d__Bacteria.p__Bacteroidota.c__Bacteroidia.o__Chitinophagales.f__Chitinophagaceae.g__Parasegetibacter",-1,"NA",16,"NA","NA","NA","against"
"109","d__Bacteria.p__Bacteroidota.c__Bacteroidia.o__Chitinophagales.f__Chitinophagaceae.g__Pseudoflavitalea",-1,"NA",16,"NA","NA","NA","against"
"110","d__Bacteria.p__Bacteroidota.c__Bacteroidia.o__Chitinophagales.f__Chitinophagaceae.g__Sediminibacterium",-1,0,16,0,-1,-1,"against"
"111","d__Bacteria.p__Bacteroidota.c__Bacteroidia.o__Chitinophagales.f__Chitinophagaceae.g__Segetibacter",-1,"NA",16,"NA","NA","NA","against"
"112","d__Bacteria.p__Bacteroidota.c__Bacteroidia.o__Chitinophagales.f__Chitinophagaceae.g__Taibaiella",-1,0,16,0,-1,-1,"against"
"113","d__Bacteria.p__Bacteroidota.c__Bacteroidia.o__Chitinophagales.f__Chitinophagaceae.g__Terrimonas",-1,"NA",16,"NA","NA","NA","against"
"114","d__Bacteria.p__Bacteroidota.c__Bacteroidia.o__Chitinophagales.f__Saprospiraceae.g__Aureispira","NA","NA",16,"NA","NA","NA","against"
"115","d__Bacteria.p__Bacteroidota.c__Bacteroidia.o__Chitinophagales.f__Saprospiraceae.g__Lewinella",-1,"NA",16,"NA","NA","NA","against"
"116","d__Bacteria.p__Bacteroidota.c__Bacteroidia.o__Chitinophagales.f__Saprospiraceae.g__Portibacter","NA","NA",16,"NA","NA","NA","against"
"117","d__Bacteria.p__Bacteroidota.c__Bacteroidia.o__Chitinophagales.f__Saprospiraceae.g__Rubidimonas","NA","NA",16,"NA","NA","NA","against"
"118","d__Bacteria.p__Bacteroidota.c__Bacteroidia.o__Cytophagales.f__Amoebophilaceae.g__Candidatus_Amoebophilus","NA","NA",16,"NA","NA","NA","against"
"119","d__Bacteria.p__Bacteroidota.c__Bacteroidia.o__Cytophagales.f__Cytophagaceae.g__Cytophaga",-1,"NA",16,"NA","NA","NA","against"
"120","d__Bacteria.p__Bacteroidota.c__Bacteroidia.o__Cytophagales.f__Hymenobacteraceae.g__Hymenobacter",-0.759160796277622,0.546557858547058,16,0.136639464636764,-1.05040092108318,-0.467920671472059,"against"
"121","d__Bacteria.p__Bacteroidota.c__Bacteroidia.o__Cytophagales.f__Microscillaceae.g__Chryseolinea",-1,"NA",16,"NA","NA","NA","against"
"122","d__Bacteria.p__Bacteroidota.c__Bacteroidia.o__Cytophagales.f__Microscillaceae.g__OLB12",-1,"NA",16,"NA","NA","NA","against"
"123","d__Bacteria.p__Bacteroidota.c__Bacteroidia.o__Cytophagales.f__Spirosomaceae.g__Arcicella",-1,0,16,0,-1,-1,"against"
"124","d__Bacteria.p__Bacteroidota.c__Bacteroidia.o__Cytophagales.f__Spirosomaceae.g__Dyadobacter",-1,0,16,0,-1,-1,"against"
"125","d__Bacteria.p__Bacteroidota.c__Bacteroidia.o__Cytophagales.f__Spirosomaceae.g__Emticicia",-1,"NA",16,"NA","NA","NA","against"
"126","d__Bacteria.p__Bacteroidota.c__Bacteroidia.o__Cytophagales.f__Spirosomaceae.g__Fibrella",-1,0,16,0,-1,-1,"against"
"127","d__Bacteria.p__Bacteroidota.c__Bacteroidia.o__Cytophagales.f__Spirosomaceae.g__Flectobacillus",-1,0,16,0,-1,-1,"against"
"128","d__Bacteria.p__Bacteroidota.c__Bacteroidia.o__Cytophagales.f__Spirosomaceae.g__Huanghella",-1,"NA",16,"NA","NA","NA","against"
"129","d__Bacteria.p__Bacteroidota.c__Bacteroidia.o__Cytophagales.f__Spirosomaceae.g__Larkinella",-1,0,16,0,-1,-1,"against"
"130","d__Bacteria.p__Bacteroidota.c__Bacteroidia.o__Cytophagales.f__Spirosomaceae.g__Pseudarcicella",-1,0,16,0,-1,-1,"against"
"131","d__Bacteria.p__Bacteroidota.c__Bacteroidia.o__Cytophagales.f__Spirosomaceae.g__Rudanella",-1,0,16,0,-1,-1,"against"
"132","d__Bacteria.p__Bacteroidota.c__Bacteroidia.o__Cytophagales.f__Spirosomaceae.g__Runella",-1,"NA",16,"NA","NA","NA","against"
"133","d__Bacteria.p__Bacteroidota.c__Bacteroidia.o__Cytophagales.f__Spirosomaceae.g__Spirosoma",-1,0,16,0,-1,-1,"against"
"134","d__Bacteria.p__Bacteroidota.c__Bacteroidia.o__Flavobacteriales.f__Blattabacteriaceae.g__Blattabacterium",-1,0,16,0,-1,-1,"against"
"135","d__Bacteria.p__Bacteroidota.c__Bacteroidia.o__Flavobacteriales.f__Crocinitomicaceae.g__Fluviicola",-1,0,16,0,-1,-1,"against"
"136","d__Bacteria.p__Bacteroidota.c__Bacteroidia.o__Flavobacteriales.f__Flavobacteriaceae.g__Dokdonia","NA","NA",16,"NA","NA","NA","against"
"137","d__Bacteria.p__Bacteroidota.c__Bacteroidia.o__Flavobacteriales.f__Flavobacteriaceae.g__Flavobacterium",-0.667216400624461,0.741215528182689,16,0.185303882045672,-1.06218227580117,-0.272250525447751,"against"
"138","d__Bacteria.p__Bacteroidota.c__Bacteroidia.o__Flavobacteriales.f__Flavobacteriaceae.g__Gilvibacter","NA","NA",16,"NA","NA","NA","against"
"139","d__Bacteria.p__Bacteroidota.c__Bacteroidia.o__Flavobacteriales.f__Flavobacteriaceae.g__Hyunsoonleella",-1,"NA",16,"NA","NA","NA","against"
"140","d__Bacteria.p__Bacteroidota.c__Bacteroidia.o__Flavobacteriales.f__Flavobacteriaceae.g__Nonlabens","NA","NA",16,"NA","NA","NA","against"
"141","d__Bacteria.p__Bacteroidota.c__Bacteroidia.o__Flavobacteriales.f__Flavobacteriaceae.g__NS5_marine_group","NA","NA",16,"NA","NA","NA","against"
"142","d__Bacteria.p__Bacteroidota.c__Bacteroidia.o__Flavobacteriales.f__Flavobacteriaceae.g__Tenacibaculum","NA","NA",16,"NA","NA","NA","against"
"143","d__Bacteria.p__Bacteroidota.c__Bacteroidia.o__Flavobacteriales.f__Weeksellaceae.g__Bergeyella",-1,0,16,0,-1,-1,"against"
"144","d__Bacteria.p__Bacteroidota.c__Bacteroidia.o__Flavobacteriales.f__Weeksellaceae.g__Chryseobacterium",-1,0,16,0,-1,-1,"against"
"145","d__Bacteria.p__Bacteroidota.c__Bacteroidia.o__Flavobacteriales.f__Weeksellaceae.g__Cloacibacterium",-1,"NA",16,"NA","NA","NA","against"
"146","d__Bacteria.p__Bacteroidota.c__Bacteroidia.o__Sphingobacteriales.f__Sphingobacteriaceae.g__Mucilaginibacter",-1,0,16,0,-1,-1,"against"
"147","d__Bacteria.p__Bacteroidota.c__Bacteroidia.o__Sphingobacteriales.f__Sphingobacteriaceae.g__Parapedobacter",-1,"NA",16,"NA","NA","NA","against"
"148","d__Bacteria.p__Bacteroidota.c__Bacteroidia.o__Sphingobacteriales.f__Sphingobacteriaceae.g__Pedobacter",-1,0,16,0,-1,-1,"against"
"149","d__Bacteria.p__Bacteroidota.c__Bacteroidia.o__Sphingobacteriales.f__Sphingobacteriaceae.g__Solitalea",0.989799636636624,0.004115065243171,16,0.001028766310793,0.987606873150997,0.99199240012225,"for"
"150","d__Bacteria.p__Bacteroidota.c__Bacteroidia.o__Sphingobacteriales.f__Sphingobacteriaceae.g__Sphingobacterium","NA","NA",16,"NA","NA","NA","against"
"151","d__Bacteria.p__Bacteroidota.c__Rhodothermia.o__Rhodothermales.f__Rhodothermaceae.g__Rubrivirga",-1,"NA",16,"NA","NA","NA","against"
"152","d__Bacteria.p__Bdellovibrionota.c__Bdellovibrionia.o__Bacteriovoracales.f__Bacteriovoracaceae.g__Bacteriovorax",-1,0,16,0,-1,-1,"against"
"153","d__Bacteria.p__Bdellovibrionota.c__Bdellovibrionia.o__Bacteriovoracales.f__Bacteriovoracaceae.g__Peredibacter",-1,0,16,0,-1,-1,"against"
"154","d__Bacteria.p__Bdellovibrionota.c__Bdellovibrionia.o__Bdellovibrionales.f__Bdellovibrionaceae.g__Bdellovibrio",-1,0,16,0,-1,-1,"against"
"155","d__Bacteria.p__Bdellovibrionota.c__Bdellovibrionia.o__Bdellovibrionales.f__Bdellovibrionaceae.g__OM27_clade",-1,"NA",16,"NA","NA","NA","against"
"156","d__Bacteria.p__Bdellovibrionota.c__Oligoflexia.o__Oligoflexales.f__Oligoflexales.g__Oligoflexus",-1,0,16,0,-1,-1,"against"
"157","d__Bacteria.p__Bdellovibrionota.c__Oligoflexia.o__Silvanigrellales.f__Silvanigrellaceae.g__Silvanigrella",-1,"NA",16,"NA","NA","NA","against"
"158","d__Bacteria.p__Campilobacterota.c__Campylobacteria.o__Campylobacterales.f__Arcobacteraceae.g__Pseudarcobacter","NA","NA",16,"NA","NA","NA","against"
"159","d__Bacteria.p__Campilobacterota.c__Campylobacteria.o__Campylobacterales.f__Campylobacteraceae.g__Campylobacter","NA","NA",16,"NA","NA","NA","against"
"160","d__Bacteria.p__Campilobacterota.c__Campylobacteria.o__Campylobacterales.f__Helicobacteraceae.g__Helicobacter","NA","NA",16,"NA","NA","NA","against"
"161","d__Bacteria.p__Chloroflexi.c__Anaerolineae.o__Anaerolineales.f__Anaerolineaceae.g__Anaerolinea",-1,"NA",16,"NA","NA","NA","against"
"162","d__Bacteria.p__Chloroflexi.c__Chloroflexia.o__Chloroflexales.f__Chloroflexaceae.g__FFCH7168",-1,0,16,0,-1,-1,"against"
"163","d__Bacteria.p__Chloroflexi.c__Chloroflexia.o__Chloroflexales.f__Herpetosiphonaceae.g__Herpetosiphon",-1,"NA",16,"NA","NA","NA","against"
"164","d__Bacteria.p__Chloroflexi.c__Chloroflexia.o__Chloroflexales.f__Roseiflexaceae.g__Roseiflexus",-1,"NA",16,"NA","NA","NA","against"
"165","d__Bacteria.p__Chloroflexi.c__Dehalococcoidia.o__Dehalococcoidales.f__Dehalococcoidaceae.g__Dehalogenimonas",-1,"NA",16,"NA","NA","NA","against"
"166","d__Bacteria.p__Chloroflexi.c__Ktedonobacteria.o__Ktedonobacterales.f__Ktedonobacteraceae.g__Ktedonobacter",-1,0,16,0,-1,-1,"against"
"167","d__Bacteria.p__Cloacimonadota.c__Cloacimonadia.o__Cloacimonadales.f__Cloacimonadaceae.g__LNR_A2.18",-1,"NA",16,"NA","NA","NA","against"
"168","d__Bacteria.p__Cyanobacteria.c__Cyanobacteriia.o__Cyanobacteriales.f__Chroococcidiopsaceae.g__Aliterella",-1,"NA",16,"NA","NA","NA","against"
"169","d__Bacteria.p__Cyanobacteria.c__Cyanobacteriia.o__Cyanobacteriales.f__Coleofasciculaceae.g__Microcoleus_SAG_1449.1a",-1,"NA",16,"NA","NA","NA","against"
"170","d__Bacteria.p__Cyanobacteria.c__Cyanobacteriia.o__Cyanobacteriales.f__Coleofasciculaceae.g__Potamolinea_1PC",-1,0,16,0,-1,-1,"against"
"171","d__Bacteria.p__Cyanobacteria.c__Cyanobacteriia.o__Cyanobacteriales.f__Cyanobacteriaceae.g__Cyanobacterium_CLg1","NA","NA",16,"NA","NA","NA","against"
"172","d__Bacteria.p__Cyanobacteria.c__Cyanobacteriia.o__Cyanobacteriales.f__Gloeocapsaceae.g__Gleocapsa","NA","NA",16,"NA","NA","NA","against"
"173","d__Bacteria.p__Cyanobacteria.c__Cyanobacteriia.o__Cyanobacteriales.f__Nostocaceae.g__Aphanizomenon_MDT14a",-1,"NA",16,"NA","NA","NA","against"
"174","d__Bacteria.p__Cyanobacteria.c__Cyanobacteriia.o__Cyanobacteriales.f__Nostocaceae.g__Calothrix_PCC.6303",-1,"NA",16,"NA","NA","NA","against"
"175","d__Bacteria.p__Cyanobacteria.c__Cyanobacteriia.o__Cyanobacteriales.f__Nostocaceae.g__Nostoc_PCC.73102",-1,0,16,0,-1,-1,"against"
"176","d__Bacteria.p__Cyanobacteria.c__Cyanobacteriia.o__Cyanobacteriales.f__Nostocaceae.g__Scytonema_UTEX_2349",-1,0,16,0,-1,-1,"against"
"177","d__Bacteria.p__Cyanobacteria.c__Cyanobacteriia.o__Cyanobacteriales.f__Phormidiaceae.g__Tychonema_CCAP_1459.11B",-1,"NA",16,"NA","NA","NA","against"
"178","d__Bacteria.p__Cyanobacteria.c__Cyanobacteriia.o__Leptolyngbyales.f__Leptolyngbyaceae.g__Chamaesiphon_PCC.7430",-1,"NA",16,"NA","NA","NA","against"
"179","d__Bacteria.p__Cyanobacteria.c__Cyanobacteriia.o__Oxyphotobacteria_Incertae_Sedis.f__Unknown_Family.g__Leptolyngbya_ANT.L52.2",-1,"NA",16,"NA","NA","NA","against"
"180","d__Bacteria.p__Cyanobacteria.c__Cyanobacteriia.o__Phormidesmiales.f__Nodosilineaceae.g__Nodosilinea_PCC.7104","NA","NA",16,"NA","NA","NA","against"
"181","d__Bacteria.p__Deferribacterota.c__Deferribacteres.o__Deferribacterales.f__Deferribacteraceae.g__Mucispirillum","NA","NA",16,"NA","NA","NA","against"
"182","d__Bacteria.p__Deinococcota.c__Deinococci.o__Deinococcales.f__Deinococcaceae.g__Deinococcus",-1,0,16,0,-1,-1,"against"
"183","d__Bacteria.p__Deinococcota.c__Deinococci.o__Deinococcales.f__Trueperaceae.g__Truepera",-1,0,16,0,-1,-1,"against"
"184","d__Bacteria.p__Desulfobacterota.c__Desulfobacteria.o__Desulfobacterales.f__Desulfobacteraceae.g__Desulfobacter",-1,"NA",16,"NA","NA","NA","against"
"185","d__Bacteria.p__Desulfobacterota.c__Desulfomonilia.o__Desulfomonilales.f__Desulfomonilaceae.g__Desulfomonile","NA","NA",16,"NA","NA","NA","against"
"186","d__Bacteria.p__Desulfobacterota.c__Desulfovibrionia.o__Desulfovibrionales.f__Desulfovibrionaceae.g__Desulfovibrio",-1,"NA",16,"NA","NA","NA","against"
"187","d__Bacteria.p__Desulfobacterota.c__Desulfuromonadia.o__Geobacterales.f__Geobacteraceae.g__Geobacter",-1,"NA",16,"NA","NA","NA","against"
"188","d__Bacteria.p__Firmicutes.c__Bacilli.o__Acholeplasmatales.f__Acholeplasmataceae.g__Acholeplasma",-1,"NA",16,"NA","NA","NA","against"
"189","d__Bacteria.p__Firmicutes.c__Bacilli.o__Acholeplasmatales.f__Acholeplasmataceae.g__Anaeroplasma","NA","NA",16,"NA","NA","NA","against"
"190","d__Bacteria.p__Firmicutes.c__Bacilli.o__Alicyclobacillales.f__Alicyclobacillaceae.g__Alicyclobacillus",-1,"NA",16,"NA","NA","NA","against"
"191","d__Bacteria.p__Firmicutes.c__Bacilli.o__Alicyclobacillales.f__Alicyclobacillaceae.g__Tumebacillus",-1,"NA",16,"NA","NA","NA","against"
"192","d__Bacteria.p__Firmicutes.c__Bacilli.o__Aneurinibacillales.f__Aneurinibacillaceae.g__Aneurinibacillus",-1,"NA",16,"NA","NA","NA","against"
"193","d__Bacteria.p__Firmicutes.c__Bacilli.o__Bacillales.f__Bacillaceae.g__Bacillus",-1,0,16,0,-1,-1,"against"
"194","d__Bacteria.p__Firmicutes.c__Bacilli.o__Erysipelotrichales.f__Erysipelatoclostridiaceae.g__Erysipelatoclostridium",-1,"NA",16,"NA","NA","NA","against"
"195","d__Bacteria.p__Firmicutes.c__Bacilli.o__Erysipelotrichales.f__Erysipelotrichaceae.g__Allobaculum",-0.025899023380644,1.37758681225597,16,0.344396703063993,-0.759963219618676,0.708165172857388,"neutral"
"196","d__Bacteria.p__Firmicutes.c__Bacilli.o__Erysipelotrichales.f__Erysipelotrichaceae.g__Ileibacterium",-1,"NA",16,"NA","NA","NA","against"
"197","d__Bacteria.p__Firmicutes.c__Bacilli.o__Erysipelotrichales.f__Erysipelotrichaceae.g__Turicibacter",-1,"NA",16,"NA","NA","NA","against"
"198","d__Bacteria.p__Firmicutes.c__Bacilli.o__Exiguobacterales.f__Exiguobacteraceae.g__Exiguobacterium",-1,"NA",16,"NA","NA","NA","against"
"199","d__Bacteria.p__Firmicutes.c__Bacilli.o__Izemoplasmatales.f__Izemoplasmatales.g__Izemoplasmatales","NA","NA",16,"NA","NA","NA","against"
"200","d__Bacteria.p__Firmicutes.c__Bacilli.o__Lactobacillales.f__Carnobacteriaceae.g__Carnobacterium","NA","NA",16,"NA","NA","NA","against"
"201","d__Bacteria.p__Firmicutes.c__Bacilli.o__Lactobacillales.f__Enterococcaceae.g__Enterococcus",-0.373549041023196,1.08504488939807,16,0.271261222349518,-0.951728650128065,0.204630568081673,"neutral"
"202","d__Bacteria.p__Firmicutes.c__Bacilli.o__Lactobacillales.f__Lactobacillaceae.g__Lactobacillus",-0.094180703332798,0.993440659208698,16,0.248360164802174,-0.623547863735544,0.435186457069947,"neutral"
"203","d__Bacteria.p__Firmicutes.c__Bacilli.o__Lactobacillales.f__Leuconostocaceae.g__Leuconostoc",-1,"NA",16,"NA","NA","NA","against"
"204","d__Bacteria.p__Firmicutes.c__Bacilli.o__Lactobacillales.f__Leuconostocaceae.g__Weissella","NA","NA",16,"NA","NA","NA","against"
"205","d__Bacteria.p__Firmicutes.c__Bacilli.o__Lactobacillales.f__Streptococcaceae.g__Lactococcus","NA","NA",16,"NA","NA","NA","against"
"206","d__Bacteria.p__Firmicutes.c__Bacilli.o__Lactobacillales.f__Streptococcaceae.g__Streptococcus",-0.053797702000349,1.3381321225797,16,0.334533030644924,-0.766837978143206,0.659242574142509,"neutral"
"207","d__Bacteria.p__Firmicutes.c__Bacilli.o__Mycoplasmatales.f__Mycoplasmataceae.g__Mycoplasma","NA","NA",16,"NA","NA","NA","against"
"208","d__Bacteria.p__Firmicutes.c__Bacilli.o__Paenibacillales.f__Paenibacillaceae.g__Ammoniphilus",-1,"NA",16,"NA","NA","NA","against"
"209","d__Bacteria.p__Firmicutes.c__Bacilli.o__Paenibacillales.f__Paenibacillaceae.g__Cohnella",-1,0,16,0,-1,-1,"against"
"210","d__Bacteria.p__Firmicutes.c__Bacilli.o__Paenibacillales.f__Paenibacillaceae.g__Oxalophagus",-1,"NA",16,"NA","NA","NA","against"
"211","d__Bacteria.p__Firmicutes.c__Bacilli.o__Paenibacillales.f__Paenibacillaceae.g__Paenibacillus",-1,0,16,0,-1,-1,"against"
"212","d__Bacteria.p__Firmicutes.c__Bacilli.o__Staphylococcales.f__Staphylococcaceae.g__Staphylococcus",-1,0,16,0,-1,-1,"against"
"213","d__Bacteria.p__Firmicutes.c__Bacilli.o__Thermicanales.f__Thermicanaceae.g__Thermicanus",-1,"NA",16,"NA","NA","NA","against"
"214","d__Bacteria.p__Firmicutes.c__Bacilli.o__Thermoactinomycetales.f__Thermoactinomycetaceae.g__Baia","NA","NA",16,"NA","NA","NA","against"
"215","d__Bacteria.p__Firmicutes.c__Bacilli.o__Thermoactinomycetales.f__Thermoactinomycetaceae.g__Shimazuella","NA","NA",16,"NA","NA","NA","against"
"216","d__Bacteria.p__Firmicutes.c__Clostridia.o__Christensenellales.f__Christensenellaceae.g__Christensenellaceae_R.7_group",0.865759967964634,"NA",16,"NA","NA","NA","for"
"217","d__Bacteria.p__Firmicutes.c__Clostridia.o__Clostridia.f__Gracilibacteraceae.g__Lutispora",-1,0,16,0,-1,-1,"against"
"218","d__Bacteria.p__Firmicutes.c__Clostridia.o__Clostridia.f__Hungateiclostridiaceae.g__Ruminiclostridium",-1,0,16,0,-1,-1,"against"
"219","d__Bacteria.p__Firmicutes.c__Clostridia.o__Clostridiales.f__Caloramatoraceae.g__Fonticella",-1,0,16,0,-1,-1,"against"
"220","d__Bacteria.p__Firmicutes.c__Clostridia.o__Clostridiales.f__Clostridiaceae.g__Clostridium_sensu_stricto_1",-1,0,16,0,-1,-1,"against"
"221","d__Bacteria.p__Firmicutes.c__Clostridia.o__Clostridiales.f__Clostridiaceae.g__Clostridium_sensu_stricto_10",-1,"NA",16,"NA","NA","NA","against"
"222","d__Bacteria.p__Firmicutes.c__Clostridia.o__Clostridiales.f__Clostridiaceae.g__Clostridium_sensu_stricto_12",-1,"NA",16,"NA","NA","NA","against"
"223","d__Bacteria.p__Firmicutes.c__Clostridia.o__Clostridiales.f__Clostridiaceae.g__Clostridium_sensu_stricto_2",-1,"NA",16,"NA","NA","NA","against"
"224","d__Bacteria.p__Firmicutes.c__Clostridia.o__Clostridiales.f__Clostridiaceae.g__Clostridium_sensu_stricto_5",-1,"NA",16,"NA","NA","NA","against"
"225","d__Bacteria.p__Firmicutes.c__Clostridia.o__Clostridiales.f__Clostridiaceae.g__Clostridium_sensu_stricto_8",-1,"NA",16,"NA","NA","NA","against"
"226","d__Bacteria.p__Firmicutes.c__Clostridia.o__Clostridiales.f__Clostridiaceae.g__Clostridium_sensu_stricto_9",-1,"NA",16,"NA","NA","NA","against"
"227","d__Bacteria.p__Firmicutes.c__Clostridia.o__Lachnospirales.f__Defluviitaleaceae.g__Defluviitaleaceae_UCG.011",-1,"NA",16,"NA","NA","NA","against"
"228","d__Bacteria.p__Firmicutes.c__Clostridia.o__Lachnospirales.f__Lachnospiraceae.g__.Eubacterium._ruminantium_group","NA","NA",16,"NA","NA","NA","against"
"229","d__Bacteria.p__Firmicutes.c__Clostridia.o__Lachnospirales.f__Lachnospiraceae.g__A2","NA","NA",16,"NA","NA","NA","against"
"230","d__Bacteria.p__Firmicutes.c__Clostridia.o__Lachnospirales.f__Lachnospiraceae.g__Agathobacter",-1,"NA",16,"NA","NA","NA","against"
"231","d__Bacteria.p__Firmicutes.c__Clostridia.o__Lachnospirales.f__Lachnospiraceae.g__Anaerosporobacter",-1,"NA",16,"NA","NA","NA","against"
"232","d__Bacteria.p__Firmicutes.c__Clostridia.o__Lachnospirales.f__Lachnospiraceae.g__Anaerostignum","NA","NA",16,"NA","NA","NA","against"
"233","d__Bacteria.p__Firmicutes.c__Clostridia.o__Lachnospirales.f__Lachnospiraceae.g__ASF356","NA","NA",16,"NA","NA","NA","against"
"234","d__Bacteria.p__Firmicutes.c__Clostridia.o__Lachnospirales.f__Lachnospiraceae.g__Blautia","NA","NA",16,"NA","NA","NA","against"
"235","d__Bacteria.p__Firmicutes.c__Clostridia.o__Lachnospirales.f__Lachnospiraceae.g__Butyrivibrio","NA","NA",16,"NA","NA","NA","against"
"236","d__Bacteria.p__Firmicutes.c__Clostridia.o__Lachnospirales.f__Lachnospiraceae.g__Cellulosilyticum","NA","NA",16,"NA","NA","NA","against"
"237","d__Bacteria.p__Firmicutes.c__Clostridia.o__Lachnospirales.f__Lachnospiraceae.g__Dorea","NA","NA",16,"NA","NA","NA","against"
"238","d__Bacteria.p__Firmicutes.c__Clostridia.o__Lachnospirales.f__Lachnospiraceae.g__GCA.900066575","NA","NA",16,"NA","NA","NA","against"
"239","d__Bacteria.p__Firmicutes.c__Clostridia.o__Lachnospirales.f__Lachnospiraceae.g__Lachnoclostridium",-1,"NA",16,"NA","NA","NA","against"
"240","d__Bacteria.p__Firmicutes.c__Clostridia.o__Lachnospirales.f__Lachnospiraceae.g__Lachnospira","NA","NA",16,"NA","NA","NA","against"
"241","d__Bacteria.p__Firmicutes.c__Clostridia.o__Lachnospirales.f__Lachnospiraceae.g__Lachnospiraceae_FCS020_group","NA","NA",16,"NA","NA","NA","against"
"242","d__Bacteria.p__Firmicutes.c__Clostridia.o__Lachnospirales.f__Lachnospiraceae.g__Lachnospiraceae_NK4A136_group",-1,"NA",16,"NA","NA","NA","against"
"243","d__Bacteria.p__Firmicutes.c__Clostridia.o__Lachnospirales.f__Lachnospiraceae.g__Lachnospiraceae_UCG.006","NA","NA",16,"NA","NA","NA","against"
"244","d__Bacteria.p__Firmicutes.c__Clostridia.o__Lachnospirales.f__Lachnospiraceae.g__Roseburia",-1,"NA",16,"NA","NA","NA","against"
"245","d__Bacteria.p__Firmicutes.c__Clostridia.o__Lachnospirales.f__Lachnospiraceae.g__Tuzzerella","NA","NA",16,"NA","NA","NA","against"
"246","d__Bacteria.p__Firmicutes.c__Clostridia.o__Monoglobales.f__Monoglobaceae.g__Monoglobus","NA","NA",16,"NA","NA","NA","against"
"247","d__Bacteria.p__Firmicutes.c__Clostridia.o__Oscillospirales.f__Butyricicoccaceae.g__Butyricicoccus","NA","NA",16,"NA","NA","NA","against"
"248","d__Bacteria.p__Firmicutes.c__Clostridia.o__Oscillospirales.f__Oscillospiraceae.g__Colidextribacter","NA","NA",16,"NA","NA","NA","against"
"249","d__Bacteria.p__Firmicutes.c__Clostridia.o__Oscillospirales.f__Oscillospiraceae.g__Intestinimonas","NA","NA",16,"NA","NA","NA","against"
"250","d__Bacteria.p__Firmicutes.c__Clostridia.o__Oscillospirales.f__Oscillospiraceae.g__Oscillibacter","NA","NA",16,"NA","NA","NA","against"
"251","d__Bacteria.p__Firmicutes.c__Clostridia.o__Oscillospirales.f__Oscillospiraceae.g__UCG.005","NA","NA",16,"NA","NA","NA","against"
"252","d__Bacteria.p__Firmicutes.c__Clostridia.o__Oscillospirales.f__Ruminococcaceae.g__Candidatus_Soleaferrea","NA","NA",16,"NA","NA","NA","against"
"253","d__Bacteria.p__Firmicutes.c__Clostridia.o__Oscillospirales.f__Ruminococcaceae.g__Faecalibacterium","NA","NA",16,"NA","NA","NA","against"
"254","d__Bacteria.p__Firmicutes.c__Clostridia.o__Oscillospirales.f__Ruminococcaceae.g__Ruminococcus","NA","NA",16,"NA","NA","NA","against"
"255","d__Bacteria.p__Firmicutes.c__Clostridia.o__Oscillospirales.f__Ruminococcaceae.g__Subdoligranulum","NA","NA",16,"NA","NA","NA","against"
"256","d__Bacteria.p__Firmicutes.c__Clostridia.o__Oscillospirales.f__Ruminococcaceae.g__UBA1819","NA","NA",16,"NA","NA","NA","against"
"257","d__Bacteria.p__Firmicutes.c__Clostridia.o__Peptostreptococcales.Tissierellales.f__Anaerovoracaceae.g__Family_XIII_UCG.001","NA","NA",16,"NA","NA","NA","against"
"258","d__Bacteria.p__Firmicutes.c__Clostridia.o__Peptostreptococcales.Tissierellales.f__Peptostreptococcaceae.g__Clostridioides",-1,"NA",16,"NA","NA","NA","against"
"259","d__Bacteria.p__Firmicutes.c__Clostridia.o__Peptostreptococcales.Tissierellales.f__Peptostreptococcaceae.g__Paeniclostridium",-1,"NA",16,"NA","NA","NA","against"
"260","d__Bacteria.p__Firmicutes.c__Clostridia.o__Peptostreptococcales.Tissierellales.f__Peptostreptococcaceae.g__Peptostreptococcus","NA","NA",16,"NA","NA","NA","against"
"261","d__Bacteria.p__Firmicutes.c__Clostridia.o__Peptostreptococcales.Tissierellales.f__Peptostreptococcaceae.g__Romboutsia",-1,0,16,0,-1,-1,"against"
"262","d__Bacteria.p__Firmicutes.c__Clostridia.o__Peptostreptococcales.Tissierellales.f__Peptostreptococcaceae.g__Terrisporobacter",-1,"NA",16,"NA","NA","NA","against"
"263","d__Bacteria.p__Firmicutes.c__Clostridia.o__Peptostreptococcales.Tissierellales.f__Peptostreptococcales.Tissierellales.g__Anaerococcus",-1,"NA",16,"NA","NA","NA","against"
"264","d__Bacteria.p__Firmicutes.c__Clostridia.o__Peptostreptococcales.Tissierellales.f__Peptostreptococcales.Tissierellales.g__Finegoldia","NA","NA",16,"NA","NA","NA","against"
"265","d__Bacteria.p__Firmicutes.c__Clostridia.o__Peptostreptococcales.Tissierellales.f__Peptostreptococcales.Tissierellales.g__Murdochiella","NA","NA",16,"NA","NA","NA","against"
"266","d__Bacteria.p__Firmicutes.c__Clostridia.o__Peptostreptococcales.Tissierellales.f__Peptostreptococcales.Tissierellales.g__Peptoniphilus","NA","NA",16,"NA","NA","NA","against"
"267","d__Bacteria.p__Firmicutes.c__Clostridia.o__Peptostreptococcales.Tissierellales.f__Peptostreptococcales.Tissierellales.g__W5053","NA","NA",16,"NA","NA","NA","against"
"268","d__Bacteria.p__Firmicutes.c__Desulfitobacteriia.o__Desulfitobacteriales.f__Desulfitobacteriaceae.g__Desulfosporosinus",-1,0,16,0,-1,-1,"against"
"269","d__Bacteria.p__Firmicutes.c__Desulfotomaculia.o__Desulfotomaculales.f__Desulfotomaculales.g__Desulfotomaculum",-1,"NA",16,"NA","NA","NA","against"
"270","d__Bacteria.p__Firmicutes.c__Dethiobacteria.o__Dethiobacterales.f__Dethiobacteraceae.g__Dethiobacter","NA","NA",16,"NA","NA","NA","against"
"271","d__Bacteria.p__Firmicutes.c__Limnochordia.o__Limnochordia.f__Limnochordia.g__Hydrogenispora",-1,"NA",16,"NA","NA","NA","against"
"272","d__Bacteria.p__Firmicutes.c__Negativicutes.o__Veillonellales.Selenomonadales.f__Veillonellaceae.g__Dialister",-1,"NA",16,"NA","NA","NA","against"
"273","d__Bacteria.p__Firmicutes.c__Negativicutes.o__Veillonellales.Selenomonadales.f__Veillonellaceae.g__Veillonella","NA","NA",16,"NA","NA","NA","against"
"274","d__Bacteria.p__Firmicutes.c__Syntrophomonadia.o__Syntrophomonadales.f__Syntrophomonadaceae.g__Syntrophomonas","NA","NA",16,"NA","NA","NA","against"
"275","d__Bacteria.p__Firmicutes.c__Thermacetogenia.o__Thermacetogeniales.f__Thermacetogeniaceae.g__Syntrophaceticus","NA","NA",16,"NA","NA","NA","against"
"276","d__Bacteria.p__Firmicutes.c__Thermoanaerobacteria.o__Thermoanaerobacterales.f__Family_III.g__Thermoanaerobacterium",-1,"NA",16,"NA","NA","NA","against"
"277","d__Bacteria.p__Fusobacteriota.c__Fusobacteriia.o__Fusobacteriales.f__Fusobacteriaceae.g__Cetobacterium","NA","NA",16,"NA","NA","NA","against"
"278","d__Bacteria.p__Fusobacteriota.c__Fusobacteriia.o__Fusobacteriales.f__Fusobacteriaceae.g__Fusobacterium","NA","NA",16,"NA","NA","NA","against"
"279","d__Bacteria.p__Gemmatimonadota.c__Gemmatimonadetes.o__Gemmatimonadales.f__Gemmatimonadaceae.g__Gemmatimonas",-1,0,16,0,-1,-1,"against"
"280","d__Bacteria.p__Gemmatimonadota.c__Gemmatimonadetes.o__Gemmatimonadales.f__Gemmatimonadaceae.g__Roseisolibacter",-0.851630377147397,0.296739245705207,16,0.074184811426302,-1.00975155974942,-0.693509194545368,"against"
"281","d__Bacteria.p__Gemmatimonadota.c__Longimicrobia.o__Longimicrobiales.f__Longimicrobiaceae.g__YC.ZSS.LKJ147",-1,"NA",16,"NA","NA","NA","against"
"282","d__Bacteria.p__Halanaerobiaeota.c__Halanaerobiia.o__Halanaerobiales.f__Halanaerobiaceae.g__Halocella",-1,"NA",16,"NA","NA","NA","against"
"283","d__Bacteria.p__Latescibacterota.c__Latescibacterota.o__Latescibacterota.f__Latescibacterota.g__Latescibacterota",-1,"NA",16,"NA","NA","NA","against"
"284","d__Bacteria.p__Methylomirabilota.c__Methylomirabilia.o__Methylomirabilales.f__Methylomirabilaceae.g__Sh765B.TzT.35",-1,"NA",16,"NA","NA","NA","against"
"285","d__Bacteria.p__Methylomirabilota.c__Methylomirabilia.o__Rokubacteriales.f__Rokubacteriales.g__Rokubacteriales",-1,0,16,0,-1,-1,"against"
"286","d__Bacteria.p__Myxococcota.c__Myxococcia.o__Myxococcales.f__Anaeromyxobacteraceae.g__Anaeromyxobacter",-1,0,16,0,-1,-1,"against"
"287","d__Bacteria.p__Myxococcota.c__Myxococcia.o__Myxococcales.f__Myxococcaceae.g__Cystobacter",-1,"NA",16,"NA","NA","NA","against"
"288","d__Bacteria.p__Myxococcota.c__Myxococcia.o__Myxococcales.f__Myxococcaceae.g__P3OB.42",-1,0,16,0,-1,-1,"against"
"289","d__Bacteria.p__Myxococcota.c__Polyangia.o__Haliangiales.f__Haliangiaceae.g__Haliangium",-1,0,16,0,-1,-1,"against"
"290","d__Bacteria.p__Myxococcota.c__Polyangia.o__Nannocystales.f__Nannocystaceae.g__Nannocystis",-1,"NA",16,"NA","NA","NA","against"
"291","d__Bacteria.p__Myxococcota.c__Polyangia.o__Polyangiales.f__Phaselicystidaceae.g__Phaselicystis",-1,"NA",16,"NA","NA","NA","against"
"292","d__Bacteria.p__Myxococcota.c__Polyangia.o__Polyangiales.f__Polyangiaceae.g__Aetherobacter",-1,0,16,0,-1,-1,"against"
"293","d__Bacteria.p__Myxococcota.c__Polyangia.o__Polyangiales.f__Polyangiaceae.g__Pajaroellobacter",-1,0,16,0,-1,-1,"against"
"294","d__Bacteria.p__Patescibacteria.c__Gracilibacteria.o__Absconditabacteriales_.SR1..f__Absconditabacteriales_.SR1..g__Absconditabacteriales_.SR1.",-1,"NA",16,"NA","NA","NA","against"
"295","d__Bacteria.p__Patescibacteria.c__Saccharimonadia.o__Saccharimonadales.f__Saccharimonadaceae.g__TM7a",-1,"NA",16,"NA","NA","NA","against"
"296","d__Bacteria.p__Planctomycetota.c__Phycisphaerae.o__Phycisphaerales.f__Phycisphaeraceae.g__CL500.3",-1,"NA",16,"NA","NA","NA","against"
"297","d__Bacteria.p__Planctomycetota.c__Phycisphaerae.o__Phycisphaerales.f__Phycisphaeraceae.g__Phycisphaera",-1,"NA",16,"NA","NA","NA","against"
"298","d__Bacteria.p__Planctomycetota.c__Phycisphaerae.o__Phycisphaerales.f__Phycisphaeraceae.g__SM1A02",-1,"NA",16,"NA","NA","NA","against"
"299","d__Bacteria.p__Planctomycetota.c__Planctomycetes.o__Gemmatales.f__Gemmataceae.g__Fimbriiglobus",-1,"NA",16,"NA","NA","NA","against"
"300","d__Bacteria.p__Planctomycetota.c__Planctomycetes.o__Gemmatales.f__Gemmataceae.g__Gemmata",-1,0,16,0,-1,-1,"against"
"301","d__Bacteria.p__Planctomycetota.c__Planctomycetes.o__Gemmatales.f__Gemmataceae.g__Zavarzinella",-1,"NA",16,"NA","NA","NA","against"
"302","d__Bacteria.p__Planctomycetota.c__Planctomycetes.o__Isosphaerales.f__Isosphaeraceae.g__Aquisphaera",-1,0,16,0,-1,-1,"against"
"303","d__Bacteria.p__Planctomycetota.c__Planctomycetes.o__Isosphaerales.f__Isosphaeraceae.g__Candidatus_Nostocoida",-1,"NA",16,"NA","NA","NA","against"
"304","d__Bacteria.p__Planctomycetota.c__Planctomycetes.o__Isosphaerales.f__Isosphaeraceae.g__Tundrisphaera",-1,0,16,0,-1,-1,"against"
"305","d__Bacteria.p__Planctomycetota.c__Planctomycetes.o__Pirellulales.f__Pirellulaceae.g__Blastopirellula",-1,"NA",16,"NA","NA","NA","against"
"306","d__Bacteria.p__Planctomycetota.c__Planctomycetes.o__Pirellulales.f__Pirellulaceae.g__Pir4_lineage",-1,0,16,0,-1,-1,"against"
"307","d__Bacteria.p__Planctomycetota.c__Planctomycetes.o__Pirellulales.f__Pirellulaceae.g__Pirellula",-1,"NA",16,"NA","NA","NA","against"
"308","d__Bacteria.p__Planctomycetota.c__Planctomycetes.o__Pirellulales.f__Pirellulaceae.g__Rubripirellula","NA","NA",16,"NA","NA","NA","against"
"309","d__Bacteria.p__Planctomycetota.c__Planctomycetes.o__Planctomycetales.f__Rubinisphaeraceae.g__Fuerstia","NA","NA",16,"NA","NA","NA","against"
"310","d__Bacteria.p__Planctomycetota.c__Planctomycetes.o__Planctomycetales.f__Rubinisphaeraceae.g__SH.PL14",-1,0,16,0,-1,-1,"against"
"311","d__Bacteria.p__Proteobacteria.c__Alphaproteobacteria.o__Acetobacterales.f__Acetobacteraceae.g__Acidiphilium",-1,0,16,0,-1,-1,"against"
"312","d__Bacteria.p__Proteobacteria.c__Alphaproteobacteria.o__Acetobacterales.f__Acetobacteraceae.g__Belnapia",-1,"NA",16,"NA","NA","NA","against"
"313","d__Bacteria.p__Proteobacteria.c__Alphaproteobacteria.o__Acetobacterales.f__Acetobacteraceae.g__Craurococcus.Caldovatus",-0.504318991286025,0.99136201742795,16,0.247840504356988,-1.03257852166903,0.023940539096982,"neutral"
"314","d__Bacteria.p__Proteobacteria.c__Alphaproteobacteria.o__Acetobacterales.f__Acetobacteraceae.g__Endobacter",-1,0,16,0,-1,-1,"against"
"315","d__Bacteria.p__Proteobacteria.c__Alphaproteobacteria.o__Acetobacterales.f__Acetobacteraceae.g__Gluconobacter",-1,"NA",16,"NA","NA","NA","against"
"316","d__Bacteria.p__Proteobacteria.c__Alphaproteobacteria.o__Acetobacterales.f__Acetobacteraceae.g__Rhodovarius",-1,"NA",16,"NA","NA","NA","against"
"317","d__Bacteria.p__Proteobacteria.c__Alphaproteobacteria.o__Acetobacterales.f__Acetobacteraceae.g__Rhodovastum",-1,0,16,0,-1,-1,"against"
"318","d__Bacteria.p__Proteobacteria.c__Alphaproteobacteria.o__Acetobacterales.f__Acetobacteraceae.g__Roseococcus",-1,"NA",16,"NA","NA","NA","against"
"319","d__Bacteria.p__Proteobacteria.c__Alphaproteobacteria.o__Acetobacterales.f__Acetobacteraceae.g__Roseomonas",-0.616609388457674,0.857287469343856,16,0.214321867335964,-1.07342563519444,-0.159793141720912,"against"
"320","d__Bacteria.p__Proteobacteria.c__Alphaproteobacteria.o__Azospirillales.f__Azospirillaceae.g__Azospirillum","NA","NA",16,"NA","NA","NA","against"
"321","d__Bacteria.p__Proteobacteria.c__Alphaproteobacteria.o__Azospirillales.f__Inquilinaceae.g__Inquilinus",-1,"NA",16,"NA","NA","NA","against"
"322","d__Bacteria.p__Proteobacteria.c__Alphaproteobacteria.o__Caulobacterales.f__Caulobacteraceae.g__Asticcacaulis",-1,0,16,0,-1,-1,"against"
"323","d__Bacteria.p__Proteobacteria.c__Alphaproteobacteria.o__Caulobacterales.f__Caulobacteraceae.g__Brevundimonas",-0.384604123900991,1.06589692417185,16,0.266474231042961,-0.952580502560901,0.18337225475892,"neutral"
"324","d__Bacteria.p__Proteobacteria.c__Alphaproteobacteria.o__Caulobacterales.f__Caulobacteraceae.g__Caulobacter",-1,0,16,0,-1,-1,"against"
"325","d__Bacteria.p__Proteobacteria.c__Alphaproteobacteria.o__Caulobacterales.f__Caulobacteraceae.g__Phenylobacterium",-0.863015304863867,0.387451227398126,16,0.096862806849532,-1.06947349050495,-0.656557119222789,"against"
"326","d__Bacteria.p__Proteobacteria.c__Alphaproteobacteria.o__Caulobacterales.f__Hyphomonadaceae.g__Hellea",-1,0,16,0,-1,-1,"against"
"327","d__Bacteria.p__Proteobacteria.c__Alphaproteobacteria.o__Caulobacterales.f__Hyphomonadaceae.g__Hirschia",-1,0,16,0,-1,-1,"against"
"328","d__Bacteria.p__Proteobacteria.c__Alphaproteobacteria.o__Dongiales.f__Dongiaceae.g__Dongia",-1,"NA",16,"NA","NA","NA","against"
"329","d__Bacteria.p__Proteobacteria.c__Alphaproteobacteria.o__Ferrovibrionales.f__Ferrovibrionales.g__Taonella","NA","NA",16,"NA","NA","NA","against"
"330","d__Bacteria.p__Proteobacteria.c__Alphaproteobacteria.o__Paracaedibacterales.f__Paracaedibacteraceae.g__Candidatus_Finniella",-1,"NA",16,"NA","NA","NA","against"
"331","d__Bacteria.p__Proteobacteria.c__Alphaproteobacteria.o__Reyranellales.f__Reyranellaceae.g__Reyranella",-1,0,16,0,-1,-1,"against"
"332","d__Bacteria.p__Proteobacteria.c__Alphaproteobacteria.o__Rhizobiales.f__Beijerinckiaceae.g__1174.901.12",-1,0,16,0,-1,-1,"against"
"333","d__Bacteria.p__Proteobacteria.c__Alphaproteobacteria.o__Rhizobiales.f__Beijerinckiaceae.g__alphaI_cluster",-1,"NA",16,"NA","NA","NA","against"
"334","d__Bacteria.p__Proteobacteria.c__Alphaproteobacteria.o__Rhizobiales.f__Beijerinckiaceae.g__Bosea",-1,"NA",16,"NA","NA","NA","against"
"335","d__Bacteria.p__Proteobacteria.c__Alphaproteobacteria.o__Rhizobiales.f__Beijerinckiaceae.g__Methylobacterium.Methylorubrum",-0.619586470163309,0.734638113948484,16,0.183659528487121,-1.01104748869491,-0.228125451631713,"against"
"336","d__Bacteria.p__Proteobacteria.c__Alphaproteobacteria.o__Rhizobiales.f__Beijerinckiaceae.g__Methylocella",-1,0,16,0,-1,-1,"against"
"337","d__Bacteria.p__Proteobacteria.c__Alphaproteobacteria.o__Rhizobiales.f__Beijerinckiaceae.g__Methylocystis",-1,0,16,0,-1,-1,"against"
"338","d__Bacteria.p__Proteobacteria.c__Alphaproteobacteria.o__Rhizobiales.f__Beijerinckiaceae.g__Microvirga",-1,"NA",16,"NA","NA","NA","against"
"339","d__Bacteria.p__Proteobacteria.c__Alphaproteobacteria.o__Rhizobiales.f__Beijerinckiaceae.g__Psychroglaciecola",-1,0,16,0,-1,-1,"against"
"340","d__Bacteria.p__Proteobacteria.c__Alphaproteobacteria.o__Rhizobiales.f__Devosiaceae.g__Devosia",-1,"NA",16,"NA","NA","NA","against"
"341","d__Bacteria.p__Proteobacteria.c__Alphaproteobacteria.o__Rhizobiales.f__Hyphomicrobiaceae.g__Hyphomicrobium",-1,0,16,0,-1,-1,"against"
"342","d__Bacteria.p__Proteobacteria.c__Alphaproteobacteria.o__Rhizobiales.f__Hyphomicrobiaceae.g__Pedomicrobium","NA","NA",16,"NA","NA","NA","against"
"343","d__Bacteria.p__Proteobacteria.c__Alphaproteobacteria.o__Rhizobiales.f__Kaistiaceae.g__Kaistia",-1,0,16,0,-1,-1,"against"
"344","d__Bacteria.p__Proteobacteria.c__Alphaproteobacteria.o__Rhizobiales.f__Labraceae.g__Labrys",-1,0,16,0,-1,-1,"against"
"345","d__Bacteria.p__Proteobacteria.c__Alphaproteobacteria.o__Rhizobiales.f__Rhizobiaceae.g__Aliihoeflea",-1,"NA",16,"NA","NA","NA","against"
"346","d__Bacteria.p__Proteobacteria.c__Alphaproteobacteria.o__Rhizobiales.f__Rhizobiaceae.g__Allorhizobium.Neorhizobium.Pararhizobium.Rhizobium",-0.352650718095053,0.971196688677812,16,0.242799172169453,-0.870164903277924,0.164863467087817,"neutral"
"347","d__Bacteria.p__Proteobacteria.c__Alphaproteobacteria.o__Rhizobiales.f__Rhizobiaceae.g__Aureimonas",-1,0,16,0,-1,-1,"against"
"348","d__Bacteria.p__Proteobacteria.c__Alphaproteobacteria.o__Rhizobiales.f__Rhizobiaceae.g__Bartonella",0.681099081027828,0.746152327480144,16,0.186538081870036,0.283502571196348,1.07869559085931,"for"
"349","d__Bacteria.p__Proteobacteria.c__Alphaproteobacteria.o__Rhizobiales.f__Rhizobiales_Incertae_Sedis.g__Alsobacter",-1,"NA",16,"NA","NA","NA","against"
"350","d__Bacteria.p__Proteobacteria.c__Alphaproteobacteria.o__Rhizobiales.f__Rhizobiales_Incertae_Sedis.g__Bauldia",-1,0,16,0,-1,-1,"against"
"351","d__Bacteria.p__Proteobacteria.c__Alphaproteobacteria.o__Rhizobiales.f__Xanthobacteraceae.g__Bradyrhizobium",-1,0,16,0,-1,-1,"against"
"352","d__Bacteria.p__Proteobacteria.c__Alphaproteobacteria.o__Rhizobiales.f__Xanthobacteraceae.g__Pseudolabrys",-1,0,16,0,-1,-1,"against"
"353","d__Bacteria.p__Proteobacteria.c__Alphaproteobacteria.o__Rhizobiales.f__Xanthobacteraceae.g__Rhodoplanes","NA","NA",16,"NA","NA","NA","against"
"354","d__Bacteria.p__Proteobacteria.c__Alphaproteobacteria.o__Rhizobiales.f__Xanthobacteraceae.g__Rhodopseudomonas",-1,0,16,0,-1,-1,"against"
"355","d__Bacteria.p__Proteobacteria.c__Alphaproteobacteria.o__Rhizobiales.f__Xanthobacteraceae.g__Xanthobacter","NA","NA",16,"NA","NA","NA","against"
"356","d__Bacteria.p__Proteobacteria.c__Alphaproteobacteria.o__Rhodobacterales.f__Rhodobacteraceae.g__Amaricoccus",-1,"NA",16,"NA","NA","NA","against"
"357","d__Bacteria.p__Proteobacteria.c__Alphaproteobacteria.o__Rhodobacterales.f__Rhodobacteraceae.g__Marivita",-1,"NA",16,"NA","NA","NA","against"
"358","d__Bacteria.p__Proteobacteria.c__Alphaproteobacteria.o__Rhodobacterales.f__Rhodobacteraceae.g__Paracoccus",-1,"NA",16,"NA","NA","NA","against"
"359","d__Bacteria.p__Proteobacteria.c__Alphaproteobacteria.o__Rhodobacterales.f__Rhodobacteraceae.g__Rhodobacter",-1,0,16,0,-1,-1,"against"
"360","d__Bacteria.p__Proteobacteria.c__Alphaproteobacteria.o__Rhodobacterales.f__Rhodobacteraceae.g__Roseovarius",-1,"NA",16,"NA","NA","NA","against"
"361","d__Bacteria.p__Proteobacteria.c__Alphaproteobacteria.o__Rhodobacterales.f__Rhodobacteraceae.g__Rubellimicrobium",-1,0,16,0,-1,-1,"against"
"362","d__Bacteria.p__Proteobacteria.c__Alphaproteobacteria.o__Rhodospirillales.f__Magnetospirillaceae.g__.Aquaspirillum._polymorphum_group","NA","NA",16,"NA","NA","NA","against"
"363","d__Bacteria.p__Proteobacteria.c__Alphaproteobacteria.o__Rickettsiales.f__Rickettsiaceae.g__Candidatus_Gigarickettsia",-1,"NA",16,"NA","NA","NA","against"
"364","d__Bacteria.p__Proteobacteria.c__Alphaproteobacteria.o__Rickettsiales.f__Rickettsiaceae.g__Rickettsia",-1,"NA",16,"NA","NA","NA","against"
"365","d__Bacteria.p__Proteobacteria.c__Alphaproteobacteria.o__Rickettsiales.f__Rickettsiales.g__Candidatus_Jidaibacter",-1,"NA",16,"NA","NA","NA","against"
"366","d__Bacteria.p__Proteobacteria.c__Alphaproteobacteria.o__Sphingomonadales.f__Sphingomonadaceae.g__Altererythrobacter",-1,"NA",16,"NA","NA","NA","against"
"367","d__Bacteria.p__Proteobacteria.c__Alphaproteobacteria.o__Sphingomonadales.f__Sphingomonadaceae.g__Ellin6055",-1,"NA",16,"NA","NA","NA","against"
"368","d__Bacteria.p__Proteobacteria.c__Alphaproteobacteria.o__Sphingomonadales.f__Sphingomonadaceae.g__Erythrobacter","NA","NA",16,"NA","NA","NA","against"
"369","d__Bacteria.p__Proteobacteria.c__Alphaproteobacteria.o__Sphingomonadales.f__Sphingomonadaceae.g__MN_122.2a",-1,"NA",16,"NA","NA","NA","against"
"370","d__Bacteria.p__Proteobacteria.c__Alphaproteobacteria.o__Sphingomonadales.f__Sphingomonadaceae.g__Novosphingobium",-1,0,16,0,-1,-1,"against"
"371","d__Bacteria.p__Proteobacteria.c__Alphaproteobacteria.o__Sphingomonadales.f__Sphingomonadaceae.g__Parablastomonas",-1,"NA",16,"NA","NA","NA","against"
"372","d__Bacteria.p__Proteobacteria.c__Alphaproteobacteria.o__Sphingomonadales.f__Sphingomonadaceae.g__Polymorphobacter",-1,0,16,0,-1,-1,"against"
"373","d__Bacteria.p__Proteobacteria.c__Alphaproteobacteria.o__Sphingomonadales.f__Sphingomonadaceae.g__Porphyrobacter",-1,0,16,0,-1,-1,"against"
"374","d__Bacteria.p__Proteobacteria.c__Alphaproteobacteria.o__Sphingomonadales.f__Sphingomonadaceae.g__Sphingobium",-1,0,16,0,-1,-1,"against"
"375","d__Bacteria.p__Proteobacteria.c__Alphaproteobacteria.o__Sphingomonadales.f__Sphingomonadaceae.g__Sphingomonas",0.935153168392683,0.052877881018407,16,0.013219470254602,0.906976534525972,0.963329802259395,"for"
"376","d__Bacteria.p__Proteobacteria.c__Alphaproteobacteria.o__Sphingomonadales.f__Sphingomonadaceae.g__Sphingopyxis",-1,"NA",16,"NA","NA","NA","against"
"377","d__Bacteria.p__Proteobacteria.c__Gammaproteobacteria.o__Aeromonadales.f__Aeromonadaceae.g__Aeromonas",0.990019276401795,"NA",16,"NA","NA","NA","for"
"378","d__Bacteria.p__Proteobacteria.c__Gammaproteobacteria.o__Aeromonadales.f__Aeromonadaceae.g__Tolumonas",-1,"NA",16,"NA","NA","NA","against"
"379","d__Bacteria.p__Proteobacteria.c__Gammaproteobacteria.o__Aeromonadales.f__Succinivibrionaceae.g__Anaerobiospirillum","NA","NA",16,"NA","NA","NA","against"
"380","d__Bacteria.p__Proteobacteria.c__Gammaproteobacteria.o__Alteromonadales.f__Colwelliaceae.g__Thalassotalea","NA","NA",16,"NA","NA","NA","against"
"381","d__Bacteria.p__Proteobacteria.c__Gammaproteobacteria.o__Alteromonadales.f__Marinobacteraceae.g__Marinobacter","NA","NA",16,"NA","NA","NA","against"
"382","d__Bacteria.p__Proteobacteria.c__Gammaproteobacteria.o__Alteromonadales.f__Pseudoalteromonadaceae.g__Pseudoalteromonas","NA","NA",16,"NA","NA","NA","against"
"383","d__Bacteria.p__Proteobacteria.c__Gammaproteobacteria.o__Arenicellales.f__Arenicellaceae.g__HTCC5015","NA","NA",16,"NA","NA","NA","against"
"384","d__Bacteria.p__Proteobacteria.c__Gammaproteobacteria.o__Burkholderiales.f__Alcaligenaceae.g__GKS98_freshwater_group",-1,"NA",16,"NA","NA","NA","against"
"385","d__Bacteria.p__Proteobacteria.c__Gammaproteobacteria.o__Burkholderiales.f__Alcaligenaceae.g__Pusillimonas","NA","NA",16,"NA","NA","NA","against"
"386","d__Bacteria.p__Proteobacteria.c__Gammaproteobacteria.o__Burkholderiales.f__Burkholderiaceae.g__Burkholderia.Caballeronia.Paraburkholderia",-1,0,16,0,-1,-1,"against"
"387","d__Bacteria.p__Proteobacteria.c__Gammaproteobacteria.o__Burkholderiales.f__Burkholderiaceae.g__Limnobacter",-0.760199109989543,0.678259341843854,16,0.169564835460964,-1.12161800147573,-0.398780218503354,"against"
"388","d__Bacteria.p__Proteobacteria.c__Gammaproteobacteria.o__Burkholderiales.f__Burkholderiaceae.g__Polynucleobacter",-0.336025447030494,0.939234218832426,16,0.234808554708106,-0.836508034256636,0.164457140195647,"neutral"
"389","d__Bacteria.p__Proteobacteria.c__Gammaproteobacteria.o__Burkholderiales.f__Burkholderiaceae.g__Ralstonia",-1,0,16,0,-1,-1,"against"
"390","d__Bacteria.p__Proteobacteria.c__Gammaproteobacteria.o__Burkholderiales.f__Chromobacteriaceae.g__Aquitalea",-1,"NA",16,"NA","NA","NA","against"
"391","d__Bacteria.p__Proteobacteria.c__Gammaproteobacteria.o__Burkholderiales.f__Chromobacteriaceae.g__Paludibacterium",-1,"NA",16,"NA","NA","NA","against"
"392","d__Bacteria.p__Proteobacteria.c__Gammaproteobacteria.o__Burkholderiales.f__Comamonadaceae.g__Aquabacterium",-1,0,16,0,-1,-1,"against"
"393","d__Bacteria.p__Proteobacteria.c__Gammaproteobacteria.o__Burkholderiales.f__Comamonadaceae.g__Delftia",0.78925966904087,0.540684150027524,16,0.135171037506881,0.501149422573985,1.07736991550775,"for"
"394","d__Bacteria.p__Proteobacteria.c__Gammaproteobacteria.o__Burkholderiales.f__Comamonadaceae.g__Hydrogenophaga",-1,0,16,0,-1,-1,"against"
"395","d__Bacteria.p__Proteobacteria.c__Gammaproteobacteria.o__Burkholderiales.f__Comamonadaceae.g__Leptothrix",-1,0,16,0,-1,-1,"against"
"396","d__Bacteria.p__Proteobacteria.c__Gammaproteobacteria.o__Burkholderiales.f__Comamonadaceae.g__Limnohabitans",-1,0,16,0,-1,-1,"against"
"397","d__Bacteria.p__Proteobacteria.c__Gammaproteobacteria.o__Burkholderiales.f__Comamonadaceae.g__Rhizobacter",-1,0,16,0,-1,-1,"against"
"398","d__Bacteria.p__Proteobacteria.c__Gammaproteobacteria.o__Burkholderiales.f__Comamonadaceae.g__Rhodoferax",-1,0,16,0,-1,-1,"against"
"399","d__Bacteria.p__Proteobacteria.c__Gammaproteobacteria.o__Burkholderiales.f__Comamonadaceae.g__Schlegelella",-1,"NA",16,"NA","NA","NA","against"
"400","d__Bacteria.p__Proteobacteria.c__Gammaproteobacteria.o__Burkholderiales.f__Comamonadaceae.g__Sphaerotilus",-1,"NA",16,"NA","NA","NA","against"
"401","d__Bacteria.p__Proteobacteria.c__Gammaproteobacteria.o__Burkholderiales.f__Comamonadaceae.g__Variovorax",-1,0,16,0,-1,-1,"against"
"402","d__Bacteria.p__Proteobacteria.c__Gammaproteobacteria.o__Burkholderiales.f__Hydrogenophilaceae.g__Thiobacillus","NA","NA",16,"NA","NA","NA","against"
"403","d__Bacteria.p__Proteobacteria.c__Gammaproteobacteria.o__Burkholderiales.f__Methylophilaceae.g__Candidatus_Methylopumilus",-1,0,16,0,-1,-1,"against"
"404","d__Bacteria.p__Proteobacteria.c__Gammaproteobacteria.o__Burkholderiales.f__Methylophilaceae.g__Methylobacillus",-1,"NA",16,"NA","NA","NA","against"
"405","d__Bacteria.p__Proteobacteria.c__Gammaproteobacteria.o__Burkholderiales.f__Methylophilaceae.g__Methylophilus",-1,0,16,0,-1,-1,"against"
"406","d__Bacteria.p__Proteobacteria.c__Gammaproteobacteria.o__Burkholderiales.f__Methylophilaceae.g__Methylotenera",-0.886493397458038,0.39319840519441,16,0.098299601298603,-1.09601403797465,-0.676972756941424,"against"
"407","d__Bacteria.p__Proteobacteria.c__Gammaproteobacteria.o__Burkholderiales.f__Methylophilaceae.g__OM43_clade","NA","NA",16,"NA","NA","NA","against"
"408","d__Bacteria.p__Proteobacteria.c__Gammaproteobacteria.o__Burkholderiales.f__Neisseriaceae.g__Eikenella","NA","NA",16,"NA","NA","NA","against"
"409","d__Bacteria.p__Proteobacteria.c__Gammaproteobacteria.o__Burkholderiales.f__Neisseriaceae.g__Vitreoscilla","NA","NA",16,"NA","NA","NA","against"
"410","d__Bacteria.p__Proteobacteria.c__Gammaproteobacteria.o__Burkholderiales.f__Nitrosomonadaceae.g__Ellin6067",-1,0,16,0,-1,-1,"against"
"411","d__Bacteria.p__Proteobacteria.c__Gammaproteobacteria.o__Burkholderiales.f__Nitrosomonadaceae.g__MND1","NA","NA",16,"NA","NA","NA","against"
"412","d__Bacteria.p__Proteobacteria.c__Gammaproteobacteria.o__Burkholderiales.f__Nitrosomonadaceae.g__oc32",-1,"NA",16,"NA","NA","NA","against"
"413","d__Bacteria.p__Proteobacteria.c__Gammaproteobacteria.o__Burkholderiales.f__Oxalobacteraceae.g__Duganella",-1,0,16,0,-1,-1,"against"
"414","d__Bacteria.p__Proteobacteria.c__Gammaproteobacteria.o__Burkholderiales.f__Oxalobacteraceae.g__Janthinobacterium",-1,0,16,0,-1,-1,"against"
"415","d__Bacteria.p__Proteobacteria.c__Gammaproteobacteria.o__Burkholderiales.f__Oxalobacteraceae.g__Massilia",-0.715947810771715,0.646686138424853,16,0.161671534606213,-1.06054252973808,-0.37135309180535,"against"
"416","d__Bacteria.p__Proteobacteria.c__Gammaproteobacteria.o__Burkholderiales.f__Oxalobacteraceae.g__Noviherbaspirillum",-1,"NA",16,"NA","NA","NA","against"
"417","d__Bacteria.p__Proteobacteria.c__Gammaproteobacteria.o__Burkholderiales.f__Oxalobacteraceae.g__Undibacterium",-1,0,16,0,-1,-1,"against"
"418","d__Bacteria.p__Proteobacteria.c__Gammaproteobacteria.o__Burkholderiales.f__Rhodocyclaceae.g__Azospira",-1,0,16,0,-1,-1,"against"
"419","d__Bacteria.p__Proteobacteria.c__Gammaproteobacteria.o__Burkholderiales.f__Rhodocyclaceae.g__C39","NA","NA",16,"NA","NA","NA","against"
"420","d__Bacteria.p__Proteobacteria.c__Gammaproteobacteria.o__Burkholderiales.f__Rhodocyclaceae.g__Dechloromonas",-1,"NA",16,"NA","NA","NA","against"
"421","d__Bacteria.p__Proteobacteria.c__Gammaproteobacteria.o__Burkholderiales.f__Rhodocyclaceae.g__Methyloversatilis","NA","NA",16,"NA","NA","NA","against"
"422","d__Bacteria.p__Proteobacteria.c__Gammaproteobacteria.o__Burkholderiales.f__Rhodocyclaceae.g__Propionivibrio",-1,"NA",16,"NA","NA","NA","against"
"423","d__Bacteria.p__Proteobacteria.c__Gammaproteobacteria.o__Burkholderiales.f__Rhodocyclaceae.g__Sulfuritalea","NA","NA",16,"NA","NA","NA","against"
"424","d__Bacteria.p__Proteobacteria.c__Gammaproteobacteria.o__Burkholderiales.f__Rhodocyclaceae.g__Uliginosibacterium",-1,"NA",16,"NA","NA","NA","against"
"425","d__Bacteria.p__Proteobacteria.c__Gammaproteobacteria.o__Burkholderiales.f__Sutterellaceae.g__Parasutterella","NA","NA",16,"NA","NA","NA","against"
"426","d__Bacteria.p__Proteobacteria.c__Gammaproteobacteria.o__Cellvibrionales.f__Cellvibrionaceae.g__Cellvibrio",-1,0,16,0,-1,-1,"against"
"427","d__Bacteria.p__Proteobacteria.c__Gammaproteobacteria.o__Cellvibrionales.f__Spongiibacteraceae.g__BD1.7_clade",-1,"NA",16,"NA","NA","NA","against"
"428","d__Bacteria.p__Proteobacteria.c__Gammaproteobacteria.o__Chromatiales.f__Sedimenticolaceae.g__Sedimenticola",-1,"NA",16,"NA","NA","NA","against"
"429","d__Bacteria.p__Proteobacteria.c__Gammaproteobacteria.o__Coxiellales.f__Coxiellaceae.g__Coxiella","NA","NA",16,"NA","NA","NA","against"
"430","d__Bacteria.p__Proteobacteria.c__Gammaproteobacteria.o__Diplorickettsiales.f__Diplorickettsiaceae.g__Aquicella",-1,0,16,0,-1,-1,"against"
"431","d__Bacteria.p__Proteobacteria.c__Gammaproteobacteria.o__Diplorickettsiales.f__Diplorickettsiaceae.g__Rickettsiella",-1,0,16,0,-1,-1,"against"
"432","d__Bacteria.p__Proteobacteria.c__Gammaproteobacteria.o__Enterobacterales.f__Enterobacteriaceae.g__Escherichia.Shigella",-0.077049599713992,1.07242222172516,16,0.268105555431289,-0.648503064000065,0.494403864572081,"neutral"
"433","d__Bacteria.p__Proteobacteria.c__Gammaproteobacteria.o__Enterobacterales.f__Erwiniaceae.g__Pantoea",-1,0,16,0,-1,-1,"against"
"434","d__Bacteria.p__Proteobacteria.c__Gammaproteobacteria.o__Enterobacterales.f__Morganellaceae.g__Arsenophonus",-1,"NA",16,"NA","NA","NA","against"
"435","d__Bacteria.p__Proteobacteria.c__Gammaproteobacteria.o__Enterobacterales.f__Morganellaceae.g__Buchnera",-1,"NA",16,"NA","NA","NA","against"
"436","d__Bacteria.p__Proteobacteria.c__Gammaproteobacteria.o__Enterobacterales.f__Morganellaceae.g__Proteus","NA","NA",16,"NA","NA","NA","against"
"437","d__Bacteria.p__Proteobacteria.c__Gammaproteobacteria.o__Gammaproteobacteria_Incertae_Sedis.f__Unknown_Family.g__Acidibacter",-1,"NA",16,"NA","NA","NA","against"
"438","d__Bacteria.p__Proteobacteria.c__Gammaproteobacteria.o__Gammaproteobacteria_Incertae_Sedis.f__Unknown_Family.g__Candidatus_Berkiella",-1,"NA",16,"NA","NA","NA","against"
"439","d__Bacteria.p__Proteobacteria.c__Gammaproteobacteria.o__Granulosicoccales.f__Granulosicoccaceae.g__Granulosicoccus",-1,"NA",16,"NA","NA","NA","against"
"440","d__Bacteria.p__Proteobacteria.c__Gammaproteobacteria.o__Legionellales.f__Legionellaceae.g__Legionella",-1,0,16,0,-1,-1,"against"
"441","d__Bacteria.p__Proteobacteria.c__Gammaproteobacteria.o__Methylococcales.f__Methylococcaceae.g__Candidatus_Methylospira",-1,"NA",16,"NA","NA","NA","against"
"442","d__Bacteria.p__Proteobacteria.c__Gammaproteobacteria.o__Methylococcales.f__Methylococcaceae.g__Methyloparacoccus",-1,0,16,0,-1,-1,"against"
"443","d__Bacteria.p__Proteobacteria.c__Gammaproteobacteria.o__Methylococcales.f__Methylomonadaceae.g__Crenothrix",-1,0,16,0,-1,-1,"against"
"444","d__Bacteria.p__Proteobacteria.c__Gammaproteobacteria.o__Methylococcales.f__Methylomonadaceae.g__Methylomonas","NA","NA",16,"NA","NA","NA","against"
"445","d__Bacteria.p__Proteobacteria.c__Gammaproteobacteria.o__Oceanospirillales.f__Halomonadaceae.g__Terasakiispira",-1,0,16,0,-1,-1,"against"
"446","d__Bacteria.p__Proteobacteria.c__Gammaproteobacteria.o__Oceanospirillales.f__Halomonadaceae.g__Zymobacter",-1,"NA",16,"NA","NA","NA","against"
"447","d__Bacteria.p__Proteobacteria.c__Gammaproteobacteria.o__Oceanospirillales.f__Oceanospirillaceae.g__Oceanospirillum",-1,"NA",16,"NA","NA","NA","against"
"448","d__Bacteria.p__Proteobacteria.c__Gammaproteobacteria.o__Oceanospirillales.f__Saccharospirillaceae.g__Oleispira","NA","NA",16,"NA","NA","NA","against"
"449","d__Bacteria.p__Proteobacteria.c__Gammaproteobacteria.o__Orbales.f__Orbaceae.g__Gilliamella",-1,0,16,0,-1,-1,"against"
"450","d__Bacteria.p__Proteobacteria.c__Gammaproteobacteria.o__Pasteurellales.f__Pasteurellaceae.g__Haemophilus",-1,"NA",16,"NA","NA","NA","against"
"451","d__Bacteria.p__Proteobacteria.c__Gammaproteobacteria.o__Pasteurellales.f__Pasteurellaceae.g__Pasteurella",-1,"NA",16,"NA","NA","NA","against"
"452","d__Bacteria.p__Proteobacteria.c__Gammaproteobacteria.o__Pseudomonadales.f__Moraxellaceae.g__Acinetobacter",-1,0,16,0,-1,-1,"against"
"453","d__Bacteria.p__Proteobacteria.c__Gammaproteobacteria.o__Pseudomonadales.f__Moraxellaceae.g__Alkanindiges",-1,"NA",16,"NA","NA","NA","against"
"454","d__Bacteria.p__Proteobacteria.c__Gammaproteobacteria.o__Pseudomonadales.f__Moraxellaceae.g__Enhydrobacter",-1,0,16,0,-1,-1,"against"
"455","d__Bacteria.p__Proteobacteria.c__Gammaproteobacteria.o__Pseudomonadales.f__Moraxellaceae.g__Moraxella","NA","NA",16,"NA","NA","NA","against"
"456","d__Bacteria.p__Proteobacteria.c__Gammaproteobacteria.o__Pseudomonadales.f__Moraxellaceae.g__Moraxellaceae",-1,"NA",16,"NA","NA","NA","against"
"457","d__Bacteria.p__Proteobacteria.c__Gammaproteobacteria.o__Pseudomonadales.f__Moraxellaceae.g__Perlucidibaca",-1,0,16,0,-1,-1,"against"
"458","d__Bacteria.p__Proteobacteria.c__Gammaproteobacteria.o__Pseudomonadales.f__Moraxellaceae.g__Psychrobacter",-1,0,16,0,-1,-1,"against"
"459","d__Bacteria.p__Proteobacteria.c__Gammaproteobacteria.o__Pseudomonadales.f__Pseudomonadaceae.g__Azotobacter","NA","NA",16,"NA","NA","NA","against"
"460","d__Bacteria.p__Proteobacteria.c__Gammaproteobacteria.o__Pseudomonadales.f__Pseudomonadaceae.g__Pseudomonas",-0.221970228753624,1.00497659953805,16,0.251244149884512,-0.757484457849519,0.313544000342271,"neutral"
"461","d__Bacteria.p__Proteobacteria.c__Gammaproteobacteria.o__Salinisphaerales.f__Salinisphaeraceae.g__Salinisphaera",-1,"NA",16,"NA","NA","NA","against"
"462","d__Bacteria.p__Proteobacteria.c__Gammaproteobacteria.o__Salinisphaerales.f__Solimonadaceae.g__Nevskia",-0.823367547677805,0.558560858039234,16,0.139640214509809,-1.12100361943661,-0.525731475919004,"against"
"463","d__Bacteria.p__Proteobacteria.c__Gammaproteobacteria.o__Steroidobacterales.f__Woeseiaceae.g__JTB255_marine_benthic_group","NA","NA",16,"NA","NA","NA","against"
"464","d__Bacteria.p__Proteobacteria.c__Gammaproteobacteria.o__Steroidobacterales.f__Woeseiaceae.g__Woeseia",-1,"NA",16,"NA","NA","NA","against"
"465","d__Bacteria.p__Proteobacteria.c__Gammaproteobacteria.o__Thiotrichales.f__Thiotrichaceae.g__Thiothrix","NA","NA",16,"NA","NA","NA","against"
"466","d__Bacteria.p__Proteobacteria.c__Gammaproteobacteria.o__Vibrionales.f__Vibrionaceae.g__Photobacterium","NA","NA",16,"NA","NA","NA","against"
"467","d__Bacteria.p__Proteobacteria.c__Gammaproteobacteria.o__Vibrionales.f__Vibrionaceae.g__Vibrio","NA","NA",16,"NA","NA","NA","against"
"468","d__Bacteria.p__Proteobacteria.c__Gammaproteobacteria.o__Xanthomonadales.f__Rhodanobacteraceae.g__Dokdonella",-1,"NA",16,"NA","NA","NA","against"
"469","d__Bacteria.p__Proteobacteria.c__Gammaproteobacteria.o__Xanthomonadales.f__Rhodanobacteraceae.g__Dyella",-1,0,16,0,-1,-1,"against"
"470","d__Bacteria.p__Proteobacteria.c__Gammaproteobacteria.o__Xanthomonadales.f__Rhodanobacteraceae.g__Luteibacter",-1,"NA",16,"NA","NA","NA","against"
"471","d__Bacteria.p__Proteobacteria.c__Gammaproteobacteria.o__Xanthomonadales.f__Rhodanobacteraceae.g__Rhodanobacter",-1,0,16,0,-1,-1,"against"
"472","d__Bacteria.p__Proteobacteria.c__Gammaproteobacteria.o__Xanthomonadales.f__Xanthomonadaceae.g__Arenimonas",-1,0,16,0,-1,-1,"against"
"473","d__Bacteria.p__Proteobacteria.c__Gammaproteobacteria.o__Xanthomonadales.f__Xanthomonadaceae.g__Luteimonas",-1,0,16,0,-1,-1,"against"
"474","d__Bacteria.p__Proteobacteria.c__Gammaproteobacteria.o__Xanthomonadales.f__Xanthomonadaceae.g__Stenotrophomonas","NA","NA",16,"NA","NA","NA","against"
"475","d__Bacteria.p__Proteobacteria.c__Gammaproteobacteria.o__Xanthomonadales.f__Xanthomonadaceae.g__Thermomonas",-1,"NA",16,"NA","NA","NA","against"
"476","d__Bacteria.p__Proteobacteria.c__Gammaproteobacteria.o__Xanthomonadales.f__Xanthomonadaceae.g__Xanthomonas",-1,0,16,0,-1,-1,"against"
"477","d__Bacteria.p__Synergistota.c__Synergistia.o__Synergistales.f__Synergistaceae.g__Aminobacterium","NA","NA",16,"NA","NA","NA","against"
"478","d__Bacteria.p__Thermotogota.c__Thermotogae.o__Petrotogales.f__Petrotogaceae.g__SC103","NA","NA",16,"NA","NA","NA","against"
"479","d__Bacteria.p__Verrucomicrobiota.c__Chlamydiae.o__Chlamydiales.f__Parachlamydiaceae.g__Candidatus_Protochlamydia",-1,0,16,0,-1,-1,"against"
"480","d__Bacteria.p__Verrucomicrobiota.c__Chlamydiae.o__Chlamydiales.f__Simkaniaceae.g__Candidatus_Rhabdochlamydia",-1,"NA",16,"NA","NA","NA","against"
"481","d__Bacteria.p__Verrucomicrobiota.c__Lentisphaeria.o__Lentisphaerales.f__Lentisphaeraceae.g__Lentisphaera","NA","NA",16,"NA","NA","NA","against"
"482","d__Bacteria.p__Verrucomicrobiota.c__Omnitrophia.o__Omnitrophales.f__Omnitrophaceae.g__Candidatus_Omnitrophus",-0.350246453814638,1.1254061543911,16,0.281351538597775,-0.949933062901408,0.249440155272133,"neutral"
"483","d__Bacteria.p__Verrucomicrobiota.c__Verrucomicrobiae.o__Chthoniobacterales.f__Chthoniobacteraceae.g__Candidatus_Udaeobacter",-1,0,16,0,-1,-1,"against"
"484","d__Bacteria.p__Verrucomicrobiota.c__Verrucomicrobiae.o__Chthoniobacterales.f__Chthoniobacteraceae.g__Chthoniobacter",-1,0,16,0,-1,-1,"against"
"485","d__Bacteria.p__Verrucomicrobiota.c__Verrucomicrobiae.o__Chthoniobacterales.f__Chthoniobacteraceae.g__LD29",-1,0,16,0,-1,-1,"against"
"486","d__Bacteria.p__Verrucomicrobiota.c__Verrucomicrobiae.o__Chthoniobacterales.f__Terrimicrobiaceae.g__Terrimicrobium",-1,0,16,0,-1,-1,"against"
"487","d__Bacteria.p__Verrucomicrobiota.c__Verrucomicrobiae.o__Opitutales.f__Opitutaceae.g__IMCC26134","NA","NA",16,"NA","NA","NA","against"
"488","d__Bacteria.p__Verrucomicrobiota.c__Verrucomicrobiae.o__Opitutales.f__Opitutaceae.g__Lacunisphaera","NA","NA",16,"NA","NA","NA","against"
"489","d__Bacteria.p__Verrucomicrobiota.c__Verrucomicrobiae.o__Opitutales.f__Opitutaceae.g__Opitutus",-1,0,16,0,-1,-1,"against"
"490","d__Bacteria.p__Verrucomicrobiota.c__Verrucomicrobiae.o__Opitutales.f__Puniceicoccaceae.g__Cerasicoccus",-1,0,16,0,-1,-1,"against"
"491","d__Bacteria.p__Verrucomicrobiota.c__Verrucomicrobiae.o__Opitutales.f__Puniceicoccaceae.g__Verruc.01",-1,"NA",16,"NA","NA","NA","against"
"492","d__Bacteria.p__Verrucomicrobiota.c__Verrucomicrobiae.o__Pedosphaerales.f__Pedosphaeraceae.g__ADurb.Bin063.1",-1,"NA",16,"NA","NA","NA","against"
"493","d__Bacteria.p__Verrucomicrobiota.c__Verrucomicrobiae.o__Pedosphaerales.f__Pedosphaeraceae.g__DEV114",-1,0,16,0,-1,-1,"against"
"494","d__Bacteria.p__Verrucomicrobiota.c__Verrucomicrobiae.o__Pedosphaerales.f__Pedosphaeraceae.g__Pedosphaeraceae",-1,"NA",16,"NA","NA","NA","against"
"495","d__Bacteria.p__Verrucomicrobiota.c__Verrucomicrobiae.o__Pedosphaerales.f__Pedosphaeraceae.g__SH3.11",-1,"NA",16,"NA","NA","NA","against"
"496","d__Bacteria.p__Verrucomicrobiota.c__Verrucomicrobiae.o__Verrucomicrobiales.f__Rubritaleaceae.g__Luteolibacter",-1,0,16,0,-1,-1,"against"
"497","d__Bacteria.p__Verrucomicrobiota.c__Verrucomicrobiae.o__Verrucomicrobiales.f__Rubritaleaceae.g__Roseibacillus","NA","NA",16,"NA","NA","NA","against"
"498","d__Bacteria.p__Verrucomicrobiota.c__Verrucomicrobiae.o__Verrucomicrobiales.f__Verrucomicrobiaceae.g__Prosthecobacter",-1,0,16,0,-1,-1,"against"
"499","Unassigned.__.__.__.__.__",-1,0,16,0,-1,-1,"against"
